Echt,Limons grossiers/Loess (22),Sables Fin (71),Limons grossiers/Loess (45),Limons fins (11),Sables Grossiers (112),Limons grossiers/Loess (36),Sables Grossiers (160)
ACG-LP,2.5378,1.1379,9.6572,86.6671,0.0000,0.0001,0.0000
ACG-RM,11.4773,0.5076,15.1296,72.8835,0.0000,0.0021,0.0000
AML-LY,0.2856,18.0640,12.1602,65.9774,0.7626,2.7502,0.0000
AML-PT,47.0445,0.0000,1.1327,14.5942,0.0000,37.2287,0.0000
AND-LN,2.1938,14.4601,27.6519,50.5962,0.0003,5.0977,0.0000
ARB-CH,5.5666,10.4227,13.2458,70.5906,0.0007,0.1737,0.0000
AUC-BF1,0.0428,25.9123,43.8820,25.6874,0.6747,3.8008,0.0000
AUC-BF2,0.0465,15.2499,53.2928,28.1336,0.0000,3.2772,0.0000
AUC-BF3,11.3304,18.2185,27.1222,40.2833,2.8603,0.0095,0.1758
AUC-BF4,0.5376,25.1761,40.4226,30.6696,1.2834,1.9107,0.0000
AVL-NS,13.1999,6.5563,2.0292,78.2146,0.0000,0.0001,0.0000
BAI-LB,7.4738,4.1108,8.8635,79.5465,0.0001,0.0052,0.0000
BAI-VL,0.0014,1.8091,4.7252,93.0351,0.0000,0.4292,0.0000
BAU-LM,8.0503,19.6212,31.0857,37.9840,1.4639,1.7950,0.0000
BBT-BG,5.5008,26.0387,39.3012,25.8052,1.3665,1.9876,0.0000
BBT-LG,2.6974,35.6384,24.2576,22.1158,6.8647,1.1452,7.2809
BED-BD,7.3557,0.9372,50.8242,40.5660,0.0000,0.3169,0.0000
BED-GR,3.3964,0.7106,43.9564,50.6391,0.0000,1.2975,0.0000
BED-LB1,3.0384,0.4705,44.8399,50.6044,0.0000,1.0468,0.0000
BED-LB10,0.7745,4.6941,41.4229,51.2277,0.0000,1.8808,0.0000
BED-LB11,4.3233,1.0481,29.6021,64.9059,0.0000,0.1206,0.0000
BED-LB12,2.1095,0.8031,35.4416,61.4002,0.0000,0.2456,0.0000
BED-LB13,1.5435,1.1250,26.0453,71.2621,0.0000,0.0241,0.0000
BED-LB14,1.5136,1.2156,48.5394,46.0970,0.0000,2.6346,0.0000
BED-LB2,1.4273,1.0829,42.8853,53.5723,0.0000,1.0323,0.0000
BED-LB3,6.4080,0.8629,41.6955,50.8702,0.0000,0.1634,0.0000
BED-LB4,1.9292,1.3273,45.7818,49.9620,0.0000,0.9997,0.0000
BED-LB5,0.6586,1.4681,43.5082,51.9745,0.0000,2.3906,0.0000
BED-LB6,0.5812,1.3429,46.1227,49.6649,0.0000,2.2882,0.0000
BED-LB7,0.4713,1.4200,43.9721,52.2121,0.0000,1.9245,0.0000
BED-LB8,0.5757,1.7125,50.2382,44.5290,0.0000,2.9446,0.0000
BED-LB9,0.5159,1.5495,47.9276,47.7826,0.0000,2.2244,0.0000
BED-LH,6.2000,11.6879,15.6569,65.4193,0.9725,0.0634,0.0000
BED-LR,5.5569,6.4344,38.6612,48.5485,0.0000,0.7990,0.0000
BED-LT1,3.4044,0.9900,52.2053,42.7087,0.0000,0.6917,0.0000
BED-LT2,7.0922,1.2189,50.9561,40.2765,0.0000,0.4563,0.0000
BED-MJ1,5.3595,6.7893,41.6089,44.5054,0.0000,1.7369,0.0000
BED-MJ2,26.2296,5.3442,10.1068,58.3192,0.0000,0.0001,0.0000
BER-GH,6.3431,14.0595,27.6430,49.4593,0.6700,1.8251,0.0000
BER-NQ1,5.7350,40.1753,33.9512,10.4143,7.9409,0.0244,1.7589
BER-NQ2,11.8565,17.1819,27.5660,32.7729,2.5618,0.9343,7.1266
BET-PL,10.6233,0.7815,47.7520,40.5096,0.0000,0.3336,0.0000
BGB-LT,0.0781,0.9096,16.7726,80.0336,0.0000,2.2061,0.0000
BGY-BB,3.3426,0.5538,46.0914,49.6932,0.0000,0.3190,0.0000
BGY-BP2,7.6301,0.3242,43.6753,47.7714,0.0000,0.5991,0.0000
BGY-BPS,11.3194,0.0000,40.8731,39.7557,0.0000,8.0518,0.0000
BGY-CB,1.4189,1.1746,39.7871,56.7696,0.0000,0.8499,0.0000
BGY-LCH,14.2291,7.0062,41.5835,36.6943,0.0003,0.4865,0.0000
BGY-LCO,20.6544,0.7064,35.2185,43.3210,0.0000,0.0996,0.0000
BGY-LF,6.2966,4.8126,31.2360,57.0933,0.0001,0.5614,0.0000
BGY-MT,5.8708,0.7607,43.1587,49.8529,0.0000,0.3569,0.0000
BGY-TB,10.9816,1.0773,43.4304,44.1186,0.0000,0.3921,0.0000
BHD-VM,1.4340,6.9685,23.9906,67.4484,0.0000,0.1585,0.0000
BHN-BS,6.9488,4.5079,18.2769,70.2360,0.0000,0.0305,0.0000
BHN-QV,5.2361,0.8273,28.9220,64.7844,0.0000,0.2303,0.0000
BLR-BG,1.0171,17.6625,10.3494,54.4132,4.6798,5.2406,6.6374
BLR-FT,0.7791,18.3937,2.1278,70.7700,0.7965,7.1329,0.0000
BLR-LH,2.9627,11.2373,33.7825,49.3822,0.0002,2.6352,0.0000
BMO-BG,32.9043,8.5020,34.2093,23.8750,0.0001,0.5093,0.0000
BOV-BG,1.8313,0.7192,19.7243,77.4885,0.0000,0.2367,0.0000
BOV-LP,0.9595,13.9743,19.9950,61.3261,0.8992,2.8460,0.0000
BPC-LH,0.0706,37.5868,34.0864,22.9558,3.4724,1.6335,0.1945
BRC-LB,0.1182,6.8112,0.6240,92.4453,0.0000,0.0014,0.0000
BRG-LF,7.2618,25.2095,12.4659,42.5586,5.7239,4.9608,1.8195
BRG-ML,1.6600,16.0163,46.9707,34.8485,0.0001,0.5044,0.0000
BRL-BG,4.2749,1.0041,44.0031,48.1649,0.0000,2.5529,0.0000
BRL-BV,0.0028,17.3496,8.0443,64.7715,0.0000,9.8318,0.0000
BRL-RG,2.3178,19.1993,26.7647,46.7689,1.1123,3.8371,0.0000
BRM-LT,4.6950,12.8746,14.3784,62.8805,4.1682,0.5932,0.4102
BRO-KM,0.6136,15.8822,37.1029,41.5436,0.0001,4.8576,0.0000
BRO-LH,0.1270,18.4701,16.0440,63.7731,0.9649,0.6210,0.0000
BRO-VO,1.9754,16.2751,49.7877,30.8362,0.0003,1.1253,0.0000
BRO-VS,1.1029,14.2003,34.3132,48.6851,0.0002,1.6984,0.0000
BRT-LS,0.3612,7.9811,11.1655,77.1849,0.0000,3.3073,0.0000
BRU-GL,9.6188,17.2163,22.9093,38.0538,1.8630,2.0223,8.3165
BRU-VH,11.3106,31.6013,27.7443,24.5885,4.4791,0.0231,0.2531
BRV-HF,13.3810,5.6597,6.1518,74.8073,0.0000,0.0003,0.0000
BRZ-RH,3.2781,15.2726,10.4372,60.9691,2.7219,0.2146,7.1065
BZP-LC,2.7478,12.1396,57.4897,26.8357,0.0001,0.7871,0.0000
CAG-BG,13.1755,11.0801,27.7869,47.8202,0.0005,0.1368,0.0000
CAR-IC1,0.0101,6.1974,73.7901,17.3341,0.0000,2.6683,0.0000
CAR-IC2,9.4065,0.8901,53.5731,35.4071,0.0000,0.7232,0.0000
CAU-CL,0.1373,7.1765,33.5157,56.5375,0.0000,2.6330,0.0000
CAU-HE,0.0302,17.4746,5.4631,72.3762,0.8244,3.8315,0.0000
CAU-LR,2.3339,16.5820,26.4010,49.5134,3.4085,1.4717,0.2894
CAU-LV,0.1865,10.1362,50.3742,38.1781,0.0000,1.1249,0.0000
CES-CH,4.2507,8.2031,46.6947,40.0577,0.0000,0.7939,0.0000
CES-FG,0.0256,13.3395,11.5920,70.8184,0.0000,4.2245,0.0000
CES-NV,0.0027,0.0000,0.0000,99.9973,0.0000,0.0000,0.0000
CES-PT,4.7685,7.0135,5.4653,82.7127,0.0001,0.0399,0.0000
CHA-GB1,5.9941,0.8411,42.2998,49.3107,0.0000,1.5543,0.0000
CHA-GB2,2.0614,1.0735,18.5659,78.2207,0.0000,0.0785,0.0000
CHB-QM1,2.4350,0.4006,43.3609,52.2304,0.0000,1.5730,0.0000
CHB-QM2,11.4028,0.2969,51.7399,34.2003,0.0000,2.3602,0.0000
CHE-CH,1.0424,1.2529,23.1171,72.7159,0.0000,1.8718,0.0000
CHG-GE,1.6846,24.1185,20.8829,41.6728,5.0239,1.5225,5.0947
CHI-DL,4.0104,15.7530,10.1074,69.1958,0.9317,0.0018,0.0000
CHL-CR,0.7276,0.0000,11.8376,74.8951,0.0000,12.5397,0.0000
CHL-RT,1.7773,7.4893,18.6077,69.6571,0.0002,2.4684,0.0000
CHM-BG,63.6917,0.0000,0.1638,4.4568,0.0000,31.6876,0.0000
CHN-BG,0.7311,16.5800,19.2420,56.7585,0.0001,6.6883,0.0000
CHP-BG,0.0341,10.7768,0.3436,88.8344,0.0003,0.0108,0.0000
CHS-LM,0.0002,21.4571,0.0153,63.5343,5.6491,7.1924,2.1515
CHT-BB,0.0526,6.7899,19.2181,71.6740,0.0000,2.2655,0.0000
CHT-GB,1.6943,15.8496,27.9698,51.9039,0.6162,1.9662,0.0000
CHV-BC,2.3711,20.7891,15.3972,55.2491,4.2389,1.5811,0.3733
CIN-BG,15.5985,9.4062,22.0931,52.1871,0.7058,0.0093,0.0000
CIN-LB1,0.0000,0.0000,0.0000,100.0000,0.0000,0.0000,0.0000
CIN-LB2,2.7679,0.1706,21.0371,75.0036,0.0000,1.0208,0.0000
CIN-LP,1.4391,7.9418,36.2212,49.0785,0.0000,5.3193,0.0000
CMB-LR,0.0295,13.1118,44.3038,42.1369,0.0000,0.4180,0.0000
CMP-LG,6.8257,0.0000,14.9847,76.0168,0.0000,2.1728,0.0000
CNI-LB,1.1479,0.7849,44.5108,51.7587,0.0000,1.7977,0.0000
CNI-LG,1.0212,0.0000,6.6679,85.8885,0.0000,6.4225,0.0000
COL-CH,6.5080,0.7698,55.5198,36.2734,0.0000,0.9290,0.0000
COM-LM,0.8093,0.4587,22.8004,74.5143,0.0000,1.4173,0.0000
CON-LR,1.1030,22.6354,3.8628,44.9386,8.0383,2.5147,16.9071
CON-SM,0.4043,1.2992,28.8880,66.4917,0.0000,2.9168,0.0000
COR-BR,0.0347,2.6981,66.8491,28.5731,0.0000,1.8451,0.0000
COR-LC1,2.1028,15.2399,41.8043,39.9192,0.0003,0.9334,0.0000
COR-LC2,11.2566,0.0000,0.0002,82.7485,0.0000,5.9946,0.0000
COR-LF,10.0969,13.0360,40.1834,36.3973,0.0001,0.2861,0.0000
COR-TR,4.5396,8.1392,48.4801,37.7278,0.0000,1.1132,0.0000
CRD-LT,9.2376,0.2002,43.2006,46.8487,0.0000,0.5129,0.0000
CRD-LV,4.8460,0.8050,48.0870,46.0730,0.0000,0.1890,0.0000
CRD-PP1,1.1899,10.3126,49.7270,36.5768,0.0000,2.1935,0.0000
CRD-PP2,14.8978,11.0076,38.9491,34.5094,0.0000,0.6361,0.0000
CRD-PP3,10.3232,21.2392,14.5560,45.6669,4.7653,0.0194,3.4300
CRD-VP,4.9511,11.6609,41.6197,41.5309,0.0001,0.2374,0.0000
CRE-BZ,18.1082,0.0000,10.1407,66.8461,0.0000,4.9050,0.0000
CRE-RH,15.7514,0.0000,20.0087,61.7227,0.0000,2.5172,0.0000
CRH-LB,0.0360,6.6879,61.0422,28.2400,0.0000,3.9939,0.0000
CRH-LC,2.9263,27.4287,34.2659,31.8022,3.0481,0.3722,0.1565
CRH-LM1,3.8418,30.0927,22.0551,30.9761,6.6539,0.5687,5.8117
CRH-LM2,3.3065,27.2828,28.2925,31.4548,4.3714,1.0396,4.2522
CRH-LM3,3.2165,26.7022,27.9410,31.6001,4.6776,0.4663,5.3963
CRH-LM4,0.5389,33.6372,39.2561,21.3522,4.3684,0.5802,0.2670
CRH-LM5,0.0005,78.5711,1.9486,0.0000,15.5621,0.0503,3.8675
CRH-LR,2.3667,13.9540,51.0772,32.3689,0.0003,0.2329,0.0000
CRN-CH1,1.4373,15.5735,19.5757,61.1032,0.6399,1.6705,0.0000
CRN-CH2,1.0581,14.3342,27.6758,53.2544,0.6892,2.9883,0.0000
CRN-LP,3.6920,1.0655,21.4605,73.7488,0.0000,0.0332,0.0000
CRX-LC,16.5241,0.8734,29.0490,53.5437,0.0000,0.0099,0.0000
DDN-BT,0.7646,0.6280,41.8851,52.7395,0.0000,3.9829,0.0000
DNG-BE,9.0439,23.1864,19.6694,46.0654,1.7469,0.2880,0.0000
DNG-LM,2.4010,15.7869,16.5499,56.2616,2.7945,0.7195,5.4866
DOL-HD,0.0393,13.4828,11.0111,68.3336,0.0001,7.1331,0.0000
DOM-LL,1.3862,10.1341,25.9209,60.9495,0.0001,1.6092,0.0000
DOM-LT,56.2429,0.0000,0.0004,25.4316,0.0000,18.3251,0.0000
DOM-MG,0.2990,1.6370,40.6560,53.8847,0.0000,3.5233,0.0000
DOO-EC,44.6143,0.0000,13.1906,39.8843,0.0000,2.3108,0.0000
DRG-LR,2.2438,0.2122,16.9988,80.4869,0.0000,0.0583,0.0000
EPN-LB,0.3418,22.9841,52.2025,21.5386,0.0001,2.9329,0.0000
EPN-VJ,3.9911,21.2080,30.5167,41.9560,0.7649,1.5633,0.0000
ERC-CP,7.5053,1.0684,48.2392,42.2631,0.0000,0.9241,0.0000
ERC-CR,14.8973,8.3717,37.4400,39.1602,0.0001,0.1306,0.0000
ERC-CT,0.8487,1.6613,50.8965,44.7882,0.0000,1.8053,0.0000
ERC-EQ,3.7378,1.1678,48.7429,45.4358,0.0000,0.9156,0.0000
ERC-SM,2.3357,1.3597,57.0360,38.0871,0.0000,1.1814,0.0000
ESS-LL,0.1898,10.0585,4.2514,85.1588,0.0002,0.3413,0.0000
ETR-LB1,3.2662,0.0291,35.9515,57.5654,0.0000,3.1878,0.0000
ETR-LB2,5.6572,0.0000,7.8930,84.0947,0.0000,2.3551,0.0000
EVG-VN1,11.1779,5.9115,25.0518,57.7878,0.0000,0.0709,0.0000
EVG-VN2,9.6996,4.4158,19.6858,66.1688,0.0000,0.0300,0.0000
EVN-LO,4.6967,0.0000,0.0000,95.3033,0.0000,0.0000,0.0000
EVN-LR,0.2401,8.9361,15.1649,75.4633,0.0000,0.1955,0.0000
FFT-LB,2.3443,0.9932,26.9379,67.7622,0.0000,1.9625,0.0000
GAE-BE,0.6300,16.7751,31.3134,47.8341,0.8707,2.5766,0.0000
GAE-BO,0.0266,18.1161,3.3950,69.7269,0.6765,8.0589,0.0000
GAE-LB,1.1267,5.5834,40.1866,47.8052,0.0000,5.2981,0.0000
GAE-LC,1.4517,7.4965,35.4338,51.6509,0.0000,3.9670,0.0000
GAE-LE,1.3783,0.6643,44.5075,49.9111,0.0000,3.5388,0.0000
GAE-LEbis,10.1854,0.0000,30.2705,48.1509,0.0000,11.3932,0.0000
GAE-LES1,1.3146,0.1275,36.0882,58.4589,0.0000,4.0109,0.0000
GAE-LES2,3.0677,0.0515,42.7796,48.9119,0.0000,5.1893,0.0000
GAE-LES3,0.0044,0.0000,0.0000,99.9956,0.0000,0.0000,0.0000
GAE-LG,5.2417,14.6784,37.5978,39.7080,0.0007,2.7733,0.0000
GAE-LL,26.7077,0.0000,0.0000,73.2923,0.0000,0.0000,0.0000
GAE-LM,8.1677,0.0000,23.4091,56.0957,0.0000,12.3275,0.0000
GAE-LMS,3.7506,0.0000,14.6461,71.4017,0.0000,10.2016,0.0000
GAE-LP,2.3805,1.0336,41.5308,54.2232,0.0000,0.8320,0.0000
GAE-LT,3.3800,11.3179,19.9291,61.5568,0.8231,2.9932,0.0000
GAE-PE,0.0131,15.7124,14.6606,66.5978,1.0113,2.0047,0.0000
GAE-PG,0.7323,0.8617,14.4899,83.4866,0.0000,0.4295,0.0000
GAE-QU,1.7371,0.4882,43.9100,52.4736,0.0000,1.3911,0.0000
GAE-QUbis,4.5746,0.0000,21.2700,66.6518,0.0000,7.5035,0.0000
GAE-QUS,0.6007,4.9468,31.8837,59.5274,0.0000,3.0415,0.0000
GAE-VG,3.8506,1.0724,42.4391,52.2810,0.0000,0.3569,0.0000
GAU-MB,15.4620,12.8932,19.4172,49.5964,2.4133,0.0537,0.1642
GCH-CH,7.7566,8.5719,28.4481,51.8088,0.0000,3.4146,0.0000
GCH-LR,1.5000,9.8719,12.7771,74.2296,0.0001,1.6213,0.0000
GEN-OU,8.4788,0.0019,27.8937,62.4934,0.0000,1.1322,0.0000
GGN-LB,0.3283,22.0997,3.1202,66.1794,1.6132,6.6591,0.0000
GHD-LP,1.7106,17.0719,21.9997,52.4914,2.6844,3.8267,0.2153
GIP-LJ,5.5451,18.0066,16.7759,55.4284,3.2439,0.8181,0.1820
GIP-MM,35.8093,0.0000,0.0000,64.1907,0.0000,0.0000,0.0000
GIT-CL,6.4870,12.9826,43.2776,36.3055,0.0002,0.9471,0.0000
GIT-LC,5.8526,24.1142,36.1983,30.7133,1.2130,1.9087,0.0000
GIT-LD,0.4112,9.2210,2.4121,85.2059,0.0003,2.7495,0.0000
GIT-VN,0.0006,5.4509,54.2880,37.4285,0.0000,2.8320,0.0000
GLM-CA,7.3600,1.1653,18.7046,72.7698,0.0000,0.0004,0.0000
GLR-CA,2.6007,0.3479,11.2603,85.6701,0.0000,0.1210,0.0000
GLR-LM,6.2939,8.1237,28.2700,56.2240,0.0009,1.0874,0.0000
GLR-LR,7.1631,0.0306,30.0339,62.3213,0.0000,0.4512,0.0000
GLT-KF,8.9488,8.7698,24.7875,57.3626,0.0003,0.1310,0.0000
GOM-PL,0.5114,22.6661,41.8199,32.8214,0.5705,1.6108,0.0000
GON-BG,9.4702,14.0837,46.2372,29.1460,0.0005,1.0624,0.0000
GON-CT,27.7147,0.1209,25.4927,46.6390,0.0000,0.0327,0.0000
GON-LM,8.3326,13.5296,35.8666,41.9781,0.0006,0.2925,0.0000
GOS-LB,0.3439,24.7675,0.5266,45.0768,13.5486,3.2784,12.4582
GOU-LQ,0.2450,21.1020,41.1943,35.2354,0.0002,2.2232,0.0000
GOV-HE,11.6059,16.0469,30.8800,37.2538,1.1936,3.0198,0.0000
GPY-LB,0.0667,17.0424,18.6929,62.2595,0.0001,1.9384,0.0000
GPY-LP,1.5115,10.1711,21.6035,65.5593,0.0001,1.1545,0.0000
GPY-MP,4.6293,1.0000,12.2155,82.1544,0.0000,0.0007,0.0000
GRC-BM,0.8855,0.8556,15.5090,81.2290,0.0000,1.5209,0.0000
GVZ-CP1,11.1212,4.2656,35.2772,49.1022,0.0000,0.2337,0.0000
GVZ-CP2,36.2092,1.3307,18.0778,44.3822,0.0000,0.0000,0.0000
GVZ-LC,12.4875,0.4754,36.6155,50.2354,0.0000,0.1863,0.0000
GVZ-LP,2.1832,0.2465,51.4752,40.3933,0.0000,5.7018,0.0000
GVZ-LR1,2.7028,0.2492,47.1591,48.3250,0.0000,1.5640,0.0000
GVZ-LR2,18.6009,6.0633,29.4413,45.7843,0.0000,0.1102,0.0000
GVZ-LR3,11.8022,7.1133,28.9247,52.0954,0.0002,0.0642,0.0000
GVZ-PG,25.1865,0.0000,10.9349,51.5108,0.0000,12.3678,0.0000
GVZ-TC,2.7884,1.2644,45.3306,50.4129,0.0000,0.2037,0.0000
HEB-LG,1.6313,7.6718,48.6311,39.3299,0.0000,2.7359,0.0000
HEB-LL,0.0005,38.5353,29.6701,26.9313,0.5018,4.3610,0.0000
HED-LJ,0.2926,1.2112,75.7653,22.3092,0.0000,0.4216,0.0000
HEN-HJ,4.4949,0.4476,62.2211,28.7037,0.0000,4.1326,0.0000
HEN-VP,1.6509,9.6770,13.3833,74.1462,0.0001,1.1426,0.0000
HER-BB,5.8139,15.2628,12.0861,41.6010,4.8358,1.8366,18.5640
HIL-LM,0.3787,21.9177,39.0298,36.8411,0.0002,1.8325,0.0000
HIR-LT,1.2122,0.7266,36.7235,55.8542,0.0000,5.4835,0.0000
HUL-FT,6.3432,24.0505,32.6020,31.6366,3.5034,1.6025,0.2618
HUL-LF1,6.7713,9.6112,44.8360,36.9351,0.0003,1.8460,0.0000
HUL-LF2,7.4524,23.6959,40.0328,26.3014,1.5947,0.9227,0.0000
IFD-AU1,9.3649,0.1652,36.1749,53.0610,0.0000,1.2340,0.0000
IFD-AU2,5.2271,0.9704,35.5947,57.9688,0.0000,0.2390,0.0000
IFD-AU3,40.9707,0.0000,0.0000,59.0293,0.0000,0.0000,0.0000
IFD-AU4,5.2053,0.3173,45.6532,46.1012,0.0000,2.7230,0.0000
IFD-AU5,0.4367,0.8401,33.4111,59.6373,0.0000,5.6748,0.0000
IFD-BR1,3.3178,18.3498,24.7287,47.9551,4.1268,1.2288,0.2930
IFD-BR2,16.8677,0.0000,0.0019,65.6131,0.0000,17.5173,0.0000
IFD-CG,11.2900,7.1888,43.8947,37.0386,0.0000,0.5880,0.0000
IFD-CT,22.3906,0.0779,40.6791,33.5716,0.0000,3.2808,0.0000
IFD-GC,7.1983,15.1539,20.9402,56.2749,0.0003,0.4324,0.0000
IFD-LV(2),11.0243,15.0875,33.8598,38.0303,1.0006,0.9975,0.0000
IFD-LV1,5.7484,27.1708,26.2540,31.0049,4.0774,0.5686,5.1760
IFD-LV2,7.6535,0.5698,50.6465,38.8492,0.0000,2.2811,0.0000
IFD-MH1,3.2367,0.8748,48.5692,45.9057,0.0000,1.4136,0.0000
IFD-MH2,3.4975,7.0868,29.8903,56.3627,0.0001,3.1626,0.0000
IFD-VA,32.3557,0.0000,17.1744,29.1567,0.0000,21.3132,0.0000
IFD-VG,0.3414,1.1807,33.4707,64.3210,0.0000,0.6863,0.0000
ILF-BR,5.7589,6.3698,38.3927,48.3794,0.0000,1.0992,0.0000
ILF-PL,8.0954,10.9200,39.3261,37.6986,0.0002,3.9597,0.0000
IRD-AM1,14.8180,0.1087,45.7483,38.4428,0.0000,0.8821,0.0000
IRD-AM2,4.9886,0.3393,45.9063,48.0523,0.0000,0.7135,0.0000
IRD-AM3,3.7960,0.8443,58.3526,35.3508,0.0000,1.6563,0.0000
IRD-AM4,2.9212,0.9820,53.9041,41.6195,0.0000,0.5733,0.0000
IRD-AM5,6.9927,0.4196,47.5973,44.5571,0.0000,0.4332,0.0000
IRD-AM6,11.9109,0.0163,42.2465,42.3311,0.0000,3.4951,0.0000
IRD-AM7,12.5582,0.0973,28.2911,58.6375,0.0000,0.4159,0.0000
IRD-AM8,13.1071,0.0000,4.3731,82.5097,0.0000,0.0101,0.0000
IRD-AM9,16.6112,0.0000,1.1603,82.2285,0.0000,0.0000,0.0000
IRD-AU,7.9951,7.4781,32.9687,51.4479,0.0002,0.1101,0.0000
IRD-BG1,6.4917,6.8008,32.4836,54.2178,0.0000,0.0062,0.0000
IRD-BG2,3.9543,10.9927,34.2600,50.5067,0.0001,0.2861,0.0000
IRD-BI,2.8259,10.4825,41.2076,43.8583,0.0002,1.6255,0.0000
IRD-BM,6.2710,0.1763,52.3806,35.4058,0.0000,5.7663,0.0000
IRD-BO,7.6304,6.0394,41.9717,43.5127,0.0000,0.8457,0.0000
IRD-BS,10.8711,8.8165,45.4440,33.9323,0.0001,0.9359,0.0000
IRD-BV1,11.6918,4.9566,24.0514,59.2796,0.0001,0.0206,0.0000
IRD-BV2,1.8032,0.8436,45.4871,50.9590,0.0000,0.9072,0.0000
IRD-CL,1.1124,13.7334,46.0954,35.8119,0.1323,3.1145,0.0000
IRD-CR,15.1656,5.9308,41.9690,36.7130,0.0001,0.2216,0.0000
IRD-GA,10.3628,8.5062,39.9952,40.9612,0.0001,0.1745,0.0000
IRD-HI,9.4588,9.5615,44.2058,36.3197,0.0002,0.4541,0.0000
IRD-HO,17.7051,5.5347,39.1657,37.3234,0.0001,0.2710,0.0000
IRD-LB1,0.8139,0.0000,0.0000,99.1861,0.0000,0.0000,0.0000
IRD-LB2,18.0441,0.0003,49.0821,25.8344,0.0000,7.0391,0.0000
IRD-LB3,1.1009,1.5771,60.4235,34.1285,0.0000,2.7700,0.0000
IRD-LC,7.9202,8.6380,46.6618,36.2600,0.0002,0.5198,0.0000
IRD-LG,15.2388,7.5163,40.5764,36.4584,0.0002,0.2100,0.0000
IRD-LH,5.0657,0.1526,47.0723,45.6857,0.0000,2.0237,0.0000
IRD-LM1,22.6797,0.0000,11.8028,65.3659,0.0000,0.1516,0.0000
IRD-LM2,5.3395,0.4300,53.8602,39.0340,0.0000,1.3363,0.0000
IRD-LM3,2.9548,6.2069,47.2048,42.6746,0.0000,0.9590,0.0000
IRD-LN1,16.2123,5.2721,38.3760,39.9653,0.0001,0.1742,0.0000
IRD-LN2,18.1190,4.5822,31.9012,45.3044,0.0000,0.0932,0.0000
IRD-LP1,2.5297,0.6110,53.7487,40.9967,0.0000,2.1140,0.0000
IRD-LP1b,3.6496,0.8662,49.7894,45.2322,0.0000,0.4626,0.0000
IRD-LP2,2.6629,0.7741,50.6899,44.2990,0.0000,1.5742,0.0000
IRD-LP3,4.4500,0.4983,50.3059,43.5549,0.0000,1.1908,0.0000
IRD-LP4,3.3874,0.5797,49.4570,45.2407,0.0000,1.3352,0.0000
IRD-LP5,3.2091,0.5119,45.4282,50.1414,0.0000,0.7094,0.0000
IRD-LP5b,4.6057,0.9000,45.5151,48.7625,0.0000,0.2167,0.0000
IRD-LP6,12.1099,0.0000,16.8127,69.7521,0.0000,1.3253,0.0000
IRD-LP7,12.7679,0.8364,25.8104,60.5842,0.0000,0.0011,0.0000
IRD-LP8,15.5454,19.1903,14.9543,49.3426,0.9674,0.0002,0.0000
IRD-MA,14.5094,6.8162,40.3932,37.9579,0.0000,0.3234,0.0000
IRD-MH,5.3697,0.7168,56.1354,36.2776,0.0000,1.5005,0.0000
IRD-OI,6.2195,8.7442,44.4251,40.1792,0.0002,0.4318,0.0000
IRD-PB,5.2577,8.5937,47.1071,36.9897,0.0001,2.0517,0.0000
IRD-PM1,4.0519,0.2733,49.7110,44.0062,0.0000,1.9575,0.0000
IRD-PM10,5.9228,0.5659,47.7982,45.1057,0.0000,0.6074,0.0000
IRD-PM2,6.1321,0.2094,47.9748,44.9816,0.0000,0.7021,0.0000
IRD-PM3,29.7589,1.2692,23.4652,45.5026,0.0000,0.0040,0.0000
IRD-PM4,64.1105,0.0000,14.6044,21.2772,0.0000,0.0078,0.0000
IRD-PM5,5.9606,0.5863,49.1322,42.8427,0.0000,1.4782,0.0000
IRD-PM7,10.9384,0.1529,44.7686,43.0092,0.0000,1.1309,0.0000
IRD-PM8,49.5238,0.0000,3.8046,46.6716,0.0000,0.0000,0.0000
IRD-PM9a,3.8066,0.7431,53.9815,39.7810,0.0000,1.6879,0.0000
IRD-PM9b,4.9116,0.9067,40.1727,53.8744,0.0000,0.1346,0.0000
IRD-PM9c,5.3093,0.9244,33.9362,59.8092,0.0000,0.0209,0.0000
IRD-PM9d,14.8752,1.1427,29.9571,54.0223,0.0000,0.0026,0.0000
IRD-PM9e,28.6585,5.6439,5.5864,60.1113,0.0000,0.0000,0.0000
IRD-PM9f,50.6804,0.0000,10.8684,38.4512,0.0000,0.0000,0.0000
IRD-PP,8.3790,5.6591,47.4820,37.6042,0.0000,0.8757,0.0000
IRD-PT1,4.5906,0.0776,45.7080,48.3848,0.0000,1.2391,0.0000
IRD-PT2,15.3581,0.0397,32.8907,51.6239,0.0000,0.0877,0.0000
IRD-PT3,13.2362,0.0848,42.2698,42.4071,0.0000,2.0021,0.0000
IRD-PY,19.3364,0.6722,43.4002,36.3511,0.0000,0.2400,0.0000
IRD-RR1,5.7026,0.5139,49.1271,44.1653,0.0000,0.4911,0.0000
IRD-RR2,3.8925,1.2886,47.5980,46.9829,0.0000,0.2380,0.0000
IRD-VP,9.8666,8.3316,45.2630,35.6633,0.0001,0.8754,0.0000
IRD-VS1,15.5143,5.9317,43.1853,34.1667,0.0000,1.2019,0.0000
IRD-VS2,8.9127,4.6000,43.5073,42.5365,0.0000,0.4436,0.0000
IRD-VS3,11.7640,1.7522,41.7124,41.9511,0.0000,2.8203,0.0000
IRD-VS4,6.9750,0.5259,58.2001,33.0394,0.0000,1.2597,0.0000
JNZ-GD,7.3347,0.0000,11.1863,80.0880,0.0000,1.3911,0.0000
JNZ-LC,0.0000,4.1511,10.7692,80.0608,0.0000,5.0189,0.0000
JNZ-VL,0.5329,0.9940,20.4724,77.6921,0.0000,0.3086,0.0000
LAG-CA,0.8605,19.9799,45.1688,32.8512,0.0006,1.1389,0.0000
LAH-CG,1.2813,63.1808,17.9616,5.7562,10.9676,0.0834,0.7691
LAI-BL,3.5235,23.1600,21.4127,43.6696,1.2060,7.0282,0.0000
LAL-BG,9.8936,11.4205,23.6809,54.1838,0.0003,0.8210,0.0000
LAM-LG,0.1674,7.8274,9.7058,82.2964,0.0000,0.0029,0.0000
LAN-CV,17.7938,0.0942,25.9076,56.1081,0.0000,0.0963,0.0000
LAN-KR,16.0856,0.4228,33.0102,50.1034,0.0000,0.3779,0.0000
LAR-SR,10.6103,0.6173,42.3210,46.3436,0.0000,0.1077,0.0000
LAT-VF,2.3536,22.1784,29.3946,40.1990,0.6851,5.1893,0.0000
LAY-BG,7.5749,17.1540,26.6939,46.0960,1.0337,1.4474,0.0000
LBC-LC,32.8127,0.0000,20.1570,30.6557,0.0000,16.3746,0.0000
LBR-LB,0.7715,0.0000,7.9068,86.6761,0.0000,4.6456,0.0000
LBR-PC,4.6268,0.0000,0.5176,86.9247,0.0000,7.9309,0.0000
LBS-LV,1.1153,5.8153,52.0468,40.0235,0.0000,0.9991,0.0000
LBX-CF,5.1774,10.6027,11.6458,71.2636,0.8381,0.4724,0.0000
LBX-GF,2.5027,15.2671,13.6116,53.6299,5.5065,7.1026,2.3795
LCB-LG,4.1331,0.4828,25.8783,68.7870,0.0000,0.7188,0.0000
LCC-FT,1.2912,10.4207,46.7669,40.0558,0.0000,1.4654,0.0000
LCC-HH,23.9724,0.0000,33.6262,28.3554,0.0000,14.0460,0.0000
LCC-LB,9.1652,0.0001,44.2400,42.3301,0.0000,4.2646,0.0000
LCC-PB,10.1821,0.0246,53.3968,33.4599,0.0000,2.9366,0.0000
LCF-LC1,10.1463,0.0487,35.7383,50.6763,0.0000,3.3904,0.0000
LCF-LC2,3.1646,0.7583,40.4317,53.8896,0.0000,1.7559,0.0000
LCG-BG,7.5355,0.7223,50.9886,39.9668,0.0000,0.7868,0.0000
LCL-PB,18.6040,0.0000,41.3716,28.6687,0.0000,11.3558,0.0000
LCR-LM,7.5929,7.5069,37.1642,47.2300,0.0000,0.5060,0.0000
LCR-PL1,53.2176,0.0000,10.5885,36.1924,0.0000,0.0015,0.0000
LCR-PL2,44.6027,0.2994,8.1344,46.9635,0.0000,0.0000,0.0000
LCT-BG1,0.2308,8.6633,21.8042,66.0161,0.0001,3.2855,0.0000
LCT-BG2,0.2620,8.6867,20.3719,67.8852,0.0001,2.7941,0.0000
LCY-LC,3.5781,5.7484,24.3328,65.9142,0.0000,0.4265,0.0000
LCY-LR,6.4060,9.7744,27.1807,53.2633,0.0001,3.3755,0.0000
LDB-BG,0.0129,31.1497,35.5058,32.1435,0.4972,0.6910,0.0000
LDC-LE,22.9115,5.7833,24.5966,45.9012,0.0000,0.8075,0.0000
LDC-LP,18.6794,0.0000,7.3919,73.9267,0.0000,0.0019,0.0000
LDC-LT,17.5330,9.0242,21.1185,52.3112,0.0001,0.0131,0.0000
LDC-VB1,10.8170,7.0158,22.9265,59.1992,0.0000,0.0414,0.0000
LDC-VB2,6.4465,18.7357,10.1277,42.2925,6.8769,2.0748,13.4459
LDJ-BG1,21.9556,0.0118,30.2136,47.6753,0.0000,0.1436,0.0000
LDJ-BG2,3.4149,5.8437,50.3446,37.6517,0.0000,2.7451,0.0000
LDJ-BQ,11.8612,0.1189,44.6561,41.8526,0.0000,1.5112,0.0000
LDJ-CM,4.9944,6.0968,36.7426,51.6319,0.0001,0.5343,0.0000
LDJ-LV,10.4796,0.6631,47.6669,40.7814,0.0000,0.4090,0.0000
LFE-LP,2.1270,9.3402,41.6803,45.6786,0.0001,1.1738,0.0000
LFF-HS,0.8762,4.7468,28.6788,64.6538,0.0000,1.0444,0.0000
LFG-CB,19.0867,6.7477,18.4716,55.6798,0.0003,0.0139,0.0000
LFR-BG,35.0499,9.7821,23.7185,31.2305,0.0005,0.2186,0.0000
LFT-BC,0.2834,8.0113,48.8710,42.6146,0.0000,0.2196,0.0000
LFY-LB,5.7467,0.0096,33.7014,52.3763,0.0000,8.1659,0.0000
LFY-LF,4.7271,0.0982,35.9503,52.5989,0.0000,6.6254,0.0000
LGA-BS,9.4293,6.9171,41.2523,42.0328,0.0000,0.3685,0.0000
LGA-LP,23.6982,0.6783,42.6329,32.4190,0.0000,0.5717,0.0000
LGA-VR1,9.1083,5.3178,37.5070,47.5294,0.0000,0.5374,0.0000
LGA-VR2,12.0766,15.9192,35.7344,34.7384,0.7283,0.8032,0.0000
LGF-LM,0.9983,18.3667,4.4456,66.3737,3.1396,6.4665,0.2097
LGR-LB,0.1856,1.2810,32.4272,65.7082,0.0000,0.3980,0.0000
LGR-PL,57.4912,0.0000,0.9698,7.0581,0.0000,34.4809,0.0000
LHG-BG,18.4707,23.0808,15.1417,30.8120,6.1474,0.0042,6.3431
LIF-BB,1.9366,9.9724,42.8289,43.7983,0.0000,1.4637,0.0000
LIF-BG,8.5047,8.9371,43.6091,36.8140,0.0001,2.1349,0.0000
LIF-SG,4.2408,0.5803,41.7599,53.2129,0.0000,0.2062,0.0000
LLL-BH,10.5305,7.0904,44.2142,37.8763,0.0000,0.2886,0.0000
LLL-JG1,29.7615,0.0000,0.0000,70.2385,0.0000,0.0000,0.0000
LLL-JG2,29.8413,0.0000,11.4480,36.2235,0.0000,22.4872,0.0000
LME-LH,6.5454,0.8943,55.9945,35.6986,0.0000,0.8673,0.0000
LME-LP1,2.4961,8.3471,46.9072,39.0604,0.0000,3.1892,0.0000
LME-LP2,2.5270,6.8644,56.1978,32.8353,0.0000,1.5756,0.0000
LME-LP3,7.1213,7.3480,47.3052,37.1066,0.0000,1.1189,0.0000
LME-LP4,9.2082,9.1953,0.0293,80.9192,0.6481,0.0000,0.0000
LME-LP5,20.6011,1.0329,13.5821,64.7839,0.0000,0.0000,0.0000
LME-MG,4.7423,5.0729,40.1011,49.5636,0.0000,0.5202,0.0000
LMT-BG,14.0973,0.8580,40.2548,44.4835,0.0000,0.3064,0.0000
LMT-FL,23.5187,6.2996,30.7120,39.4153,0.0001,0.0543,0.0000
LMT-GL,12.4507,9.5224,26.5450,51.4317,0.0000,0.0501,0.0000
LMT-LC,19.7710,9.8222,29.1316,41.2611,0.0001,0.0140,0.0000
LMZ-GV,2.0239,14.3228,48.1849,33.0135,0.0002,2.4547,0.0000
LMZ-PR,3.7373,1.8759,58.7906,34.7367,0.0000,0.8595,0.0000
LNG-CT,0.6434,2.0283,52.4785,43.7425,0.0000,1.1072,0.0000
LNG-LB,4.4657,1.3522,61.8246,30.2930,0.0000,2.0644,0.0000
LNG-LC,1.5463,9.3668,47.1039,40.6334,0.0000,1.3495,0.0000
LNN-LC,14.8919,0.0233,27.4147,57.6036,0.0000,0.0664,0.0000
LNN-LP1,12.0160,0.0658,33.2123,54.5654,0.0000,0.1405,0.0000
LNN-LP2,11.5688,0.0500,28.6369,59.6573,0.0000,0.0870,0.0000
LNT-BG,0.4490,4.8599,35.6217,57.4119,0.0000,1.6576,0.0000
LNT-LC,2.5519,14.0207,30.9927,48.9964,0.4026,3.0357,0.0000
LNT-MJ,3.3466,9.2699,43.2464,43.4600,0.0001,0.6771,0.0000
LOC-AU1,2.1784,16.7864,18.8225,54.5820,3.6949,0.4325,3.5032
LOC-AU2,2.1153,16.1428,17.5896,52.9461,3.9795,0.7872,6.4394
LOS-LB,6.8656,0.2739,37.1681,54.9963,0.0000,0.6960,0.0000
LOS-RG,15.7637,0.9187,37.1320,46.0931,0.0000,0.0925,0.0000
LPT-BG,0.4892,14.2525,11.1287,72.4235,1.2730,0.4332,0.0000
LQI-LV1,0.0161,38.5244,8.4547,34.6521,5.4332,3.9721,8.9475
LQI-LV2,0.0789,12.4502,16.5393,67.8581,0.0000,3.0734,0.0000
LQI-VM,0.0138,8.0301,9.2412,82.1578,0.0000,0.5571,0.0000
LRH-LC,3.9325,0.4258,51.8517,39.2000,0.0000,4.5901,0.0000
LRH-LC1,0.8933,11.9112,49.8351,34.0139,0.0000,3.3465,0.0000
LRH-LC2,0.7540,11.3785,51.8304,33.2062,0.0000,2.8309,0.0000
LRH-LC3,5.8255,19.7846,24.2759,46.4619,3.2455,0.1772,0.2293
LRN-BRE1,7.5695,13.3163,46.6225,31.1395,0.0003,1.3519,0.0000
LRN-BRE2,2.0166,12.9009,44.9268,39.1873,0.0005,0.9679,0.0000
LRN-BRE3,4.9471,22.5851,32.2609,37.9554,1.3465,0.9050,0.0000
LRN-BRW1,7.9497,41.8797,27.7611,14.7609,7.1288,0.0799,0.4399
LRN-BRW2,7.1390,24.0755,17.2057,46.1189,4.8671,0.2211,0.3727
LRN-CAE1,9.8505,40.4174,29.5408,9.4568,8.6794,0.0458,2.0093
LRN-CAE2,9.2620,38.2689,21.7230,16.8714,10.5990,0.0995,3.1763
LRN-CAW1,10.4376,6.9707,48.9017,31.4535,0.0000,2.2364,0.0000
LRN-CAW2,4.3017,10.4629,34.0952,48.8928,0.0001,2.2473,0.0000
LRN-CG1,22.1999,15.5373,45.0518,15.6752,0.0003,1.5356,0.0000
LRN-CG2,17.4541,9.4443,35.0316,37.9242,0.0001,0.1456,0.0000
LRN-RD,10.4067,5.8204,36.6012,45.5891,0.0000,1.5826,0.0000
LRN-SU1,11.9048,7.4646,36.6343,43.3596,0.0000,0.6367,0.0000
LRN-SU2,19.1781,11.0739,36.2924,33.1301,0.0002,0.3254,0.0000
LRN-VG,33.8530,0.4476,37.1138,28.5518,0.0000,0.0339,0.0000
LRN-VH1,11.3861,14.3738,43.8087,29.6655,0.0006,0.7653,0.0000
LRN-VH2,2.8099,13.4993,40.5361,42.1394,0.0002,1.0152,0.0000
LRN-VH3,7.0137,21.4119,30.3727,38.6607,1.1589,1.3821,0.0000
LRO-LC1,0.1202,13.2056,4.4997,75.9214,3.0461,2.8884,0.3186
LRO-LC2,0.2679,1.2825,13.5537,84.8709,0.0000,0.0251,0.0000
LRS-VD,19.5261,17.2684,63.2035,0.0001,0.0015,0.0003,0.0000
LSG-LP,5.3137,9.5027,7.1559,75.5666,2.2758,0.0034,0.1820
LTI-BV,0.3329,0.1358,13.4146,85.0854,0.0000,1.0313,0.0000
LTR-VG,1.5570,10.6680,59.9393,27.2547,0.0000,0.5810,0.0000
LTY-PC,11.3985,1.0456,26.6381,60.8295,0.0000,0.0883,0.0000
LUI-LG,1.1693,10.1162,29.3453,55.9969,0.0000,3.3723,0.0000
LVB-LF,0.0677,0.9011,25.1684,70.5980,0.0000,3.2648,0.0000
LVB-LG,0.1872,1.4590,23.7800,72.0354,0.0000,2.5385,0.0000
LVC-LM,1.2153,1.7493,53.5119,40.3969,0.0000,3.1266,0.0000
LVG-LB,2.5117,9.2540,29.6803,54.1999,0.0000,4.3540,0.0000
LVI-LC,10.8045,18.1928,42.2799,28.6712,0.0005,0.0512,0.0000
LYT-CT,3.9282,0.8077,38.0146,56.0112,0.0000,1.2382,0.0000
LYT-KS1,4.6736,0.5571,24.2465,69.9550,0.0000,0.5679,0.0000
LYT-KS2,4.4162,0.8167,18.6783,76.0646,0.0000,0.0243,0.0000
MAB-LB,5.5272,0.0000,4.0143,86.4631,0.0000,3.9955,0.0000
MAB-LG,8.6957,0.9565,6.9039,83.4438,0.0000,0.0001,0.0000
MAB-LH,1.5139,9.3596,5.3242,83.2703,0.0000,0.5319,0.0000
MAB-LL,5.5275,0.0000,4.0387,86.4602,0.0000,3.9736,0.0000
MAE-KS,9.9755,16.7049,35.4560,36.4825,0.7309,0.6503,0.0000
MAO-LQ,2.2084,18.1418,50.7576,27.8779,0.0002,1.0140,0.0000
MAO-VR,0.1493,5.9574,46.4830,47.1586,0.0000,0.2518,0.0000
MAP-PB,2.0556,0.4569,44.6213,47.3499,0.0000,5.5163,0.0000
MAR-CP,23.8598,10.5271,12.0835,52.8957,0.6333,0.0007,0.0000
MAT-LM,8.9823,0.0009,38.7969,50.7532,0.0000,1.4668,0.0000
MAT-PS,2.8271,0.0163,68.9144,24.6283,0.0000,3.6139,0.0000
MAT-PS2,1.1786,20.9388,64.5607,12.3639,0.0003,0.9576,0.0000
MAU-BG1,6.5757,0.1721,43.6536,48.0219,0.0000,1.5768,0.0000
MAU-BG2,13.4268,0.1217,34.8216,50.8273,0.0000,0.8026,0.0000
MAU-PB,3.0775,0.0661,19.5125,77.1606,0.0000,0.1832,0.0000
MAU-SU,3.6437,0.3191,36.8056,58.0460,0.0000,1.1856,0.0000
MAU-VJ,15.8640,0.0000,0.0021,70.3628,0.0000,13.7712,0.0000
MAX-LB,4.4359,1.0838,34.5014,58.6959,0.0000,1.2830,0.0000
MAX-LT,10.2470,7.7017,30.2283,51.2492,0.0002,0.5736,0.0000
MDL-GV,5.1413,0.0212,29.9531,57.8666,0.0000,7.0178,0.0000
MDL-LM,0.2183,12.6684,35.8715,46.1424,0.0000,5.0993,0.0000
MDR-BG,5.7163,6.8364,53.3946,31.6299,0.0000,2.4227,0.0000
MDR-GF,66.4888,0.0000,6.6036,26.9076,0.0000,0.0000,0.0000
MDR-LE,1.6913,8.0068,53.6574,31.4278,0.0000,5.2168,0.0000
MDR-QR1,3.0751,5.1128,58.7305,31.2805,0.0000,1.8011,0.0000
MDR-QR2,14.4656,0.2005,43.1241,40.0464,0.0000,2.1634,0.0000
MDR-SV,11.2309,0.3848,40.9909,47.1961,0.0000,0.1973,0.0000
MEL-HF,15.1033,0.0007,38.4968,43.3561,0.0000,3.0431,0.0000
MEL-NR,28.3557,0.0000,0.0002,58.3414,0.0000,13.3027,0.0000
MEN-BO,6.8828,0.7934,53.1633,38.9560,0.0000,0.2044,0.0000
MEN-CO,23.9055,0.0627,35.0561,40.6370,0.0000,0.3388,0.0000
MEN-EF,15.3893,27.6977,31.4836,21.7931,3.4271,0.0391,0.1701
MEN-LB,9.0915,0.3497,44.1684,44.5730,0.0000,1.8174,0.0000
MER-LR,7.2604,5.2884,50.0270,36.0835,0.0000,1.3406,0.0000
MES-RG,5.1178,12.2130,19.1537,62.5264,0.7222,0.2670,0.0000
MFT-AB,0.9087,10.7501,20.9845,65.3461,0.0005,2.0101,0.0000
MFT-FT,17.7907,0.2061,38.5312,42.3272,0.0000,1.1448,0.0000
MFT-FT2,6.0471,1.1639,55.0486,35.6030,0.0000,2.1374,0.0000
MFT-FT3,5.2716,1.0623,55.4700,36.0460,0.0000,2.1501,0.0000
MFT-HC,2.8335,8.9977,45.5348,38.4685,0.0000,4.1655,0.0000
MFT-LA,4.8418,16.3000,33.9544,41.9258,0.7934,2.1846,0.0000
MLC-LH,9.1496,29.9541,35.2582,20.3611,4.7744,0.2099,0.2927
MLC-LM,14.0132,23.9062,10.4065,38.7015,9.4710,0.0450,3.4567
MLC-PM,19.0865,32.2695,29.0768,15.5334,3.8994,0.0042,0.1302
MLC-VA,0.0125,20.8435,24.2616,54.5836,0.0001,0.2986,0.0000
MLC-VE,38.8968,7.9379,9.2327,43.9324,0.0000,0.0001,0.0000
MLL-LG,7.6903,10.0362,52.4236,27.2970,0.0002,2.5527,0.0000
MMV-VG,5.7077,12.1968,38.4678,43.5203,0.0001,0.1073,0.0000
MOH-LG,3.9625,0.8249,33.1624,61.7797,0.0000,0.2704,0.0000
MOH-PJ,11.9073,0.3577,41.7777,45.2675,0.0000,0.6897,0.0000
MOH-TF,2.8735,0.5488,32.8567,63.1847,0.0000,0.5363,0.0000
MOR-MC,4.5422,13.7427,25.1037,53.1330,0.9411,2.5373,0.0000
MOR-PT,0.7559,12.2404,7.4441,77.4402,0.9349,1.1845,0.0000
MOR-VB,0.8081,18.2051,21.8312,47.6512,2.2202,4.4827,4.8015
MOU-BG,1.6491,11.2325,23.3855,63.1991,0.0004,0.5334,0.0000
MOX-GC,8.1474,14.8958,23.5662,46.0661,4.8301,0.5342,1.9603
MOZ-LL,0.9580,2.4714,28.5157,62.4980,0.0000,5.5569,0.0000
MRD-LG1,11.1158,0.5603,52.8279,34.4299,0.0000,1.0661,0.0000
MRD-LG2,13.3696,6.2754,34.3018,45.3713,0.0000,0.6820,0.0000
MRD-LG3,10.4904,6.2598,47.6695,34.2174,0.0000,1.3628,0.0000
MRD-LG4,9.1713,9.0066,44.6443,36.3226,0.0000,0.8551,0.0000
MRD-VC1,57.3569,0.0729,30.0713,12.4499,0.0000,0.0490,0.0000
MRD-VC2,55.1235,0.0000,2.7754,42.1011,0.0000,0.0000,0.0000
MRD-VC3,64.2428,0.0000,10.6509,25.1056,0.0000,0.0007,0.0000
MRD-VC4,27.9223,8.2821,23.5206,40.1108,0.0001,0.1641,0.0000
MRD-VC5,7.6364,9.9659,41.8239,40.0084,0.0002,0.5652,0.0000
MRN-LB,0.6987,0.9914,13.6357,84.6052,0.0000,0.0691,0.0000
MSB-CF,4.8765,0.6333,43.9551,50.3265,0.0000,0.2087,0.0000
MSB-EC,11.5399,0.1431,37.6282,50.4821,0.0000,0.2066,0.0000
MSB-MO,0.4259,12.1205,25.6718,60.7788,0.0002,1.0028,0.0000
MTB-BG,4.6945,9.2217,34.1761,51.5046,0.0005,0.4026,0.0000
MTB-CH,44.4177,0.0000,0.0000,55.5823,0.0000,0.0000,0.0000
MTB-LL,6.6030,0.6842,42.3816,49.9991,0.0000,0.3320,0.0000
MTB-LN,6.3551,0.4639,49.8181,41.9427,0.0000,1.4201,0.0000
MTB-LT,1.4045,3.7987,32.3685,62.3528,0.0010,0.0745,0.0000
MTB-MD1,18.2182,1.0249,6.5758,74.1809,0.0000,0.0001,0.0000
MTB-MD2,19.4857,8.9328,15.6642,55.9132,0.0003,0.0038,0.0000
MTB-MD3,24.7814,5.8460,28.3124,40.5866,0.0000,0.4736,0.0000
MTB-MD4,34.1633,0.0000,38.8762,15.1150,0.0000,11.8454,0.0000
MTB-MD5,16.4521,0.2324,47.8327,32.4148,0.0000,3.0680,0.0000
MTB-VL,25.0175,0.0000,13.7191,42.4828,0.0000,18.7805,0.0000
MTF-BG,7.0290,1.1043,52.0483,37.4562,0.0000,2.3621,0.0000
MTF-LB,7.9153,12.3517,28.2515,48.1357,0.0009,3.3449,0.0000
MTI-CM,49.2512,0.0000,0.3953,13.8708,0.0000,36.4827,0.0000
MTR-LQ,21.9199,0.0000,0.0000,78.0801,0.0000,0.0000,0.0000
MUL-CG,1.6810,8.0010,40.6363,44.7833,0.0000,4.8983,0.0000
MUL-LH,3.1244,14.9316,25.0147,50.9291,0.6740,5.3261,0.0000
MUL-LP,5.6599,12.1390,34.1088,45.7056,0.0004,2.3863,0.0000
MUL-PH,4.5863,10.2169,33.0629,51.1814,0.0003,0.9521,0.0000
MUL-VL,1.3620,15.2261,31.8606,46.8035,0.0002,4.7475,0.0000
NTY-KM,20.7993,0.0000,13.5278,46.3604,0.0000,19.3126,0.0000
NTY-KN,16.3074,0.0000,0.0000,83.6926,0.0000,0.0000,0.0000
NTY-PH,21.0714,0.0000,0.0025,60.0281,0.0000,18.8980,0.0000
NVT-BG,13.2203,4.5624,36.4793,44.3256,0.0000,1.4124,0.0000
NYL-LC,0.3648,8.3497,39.7199,51.2199,0.0000,0.3456,0.0000
NYV-CH,2.2637,5.6917,19.7573,71.8631,0.0000,0.4242,0.0000
NYV-LB,0.1016,0.4151,28.5870,68.0816,0.0000,2.8147,0.0000
ORG-AU,2.2602,0.0000,8.9427,76.7364,0.0000,12.0606,0.0000
ORG-MC,0.0086,25.4289,3.3880,58.0727,5.5054,5.9579,1.6387
OSS-QV,0.1712,5.5297,15.8431,77.6155,0.0000,0.8405,0.0000
PAC-BA,6.3700,10.0736,16.2500,64.4663,2.3106,0.3328,0.1968
PAC-BU,1.4139,12.4958,34.6438,48.5373,0.0003,2.9089,0.0000
PAC-BV,5.2287,11.6221,19.9830,59.6586,2.6363,0.6176,0.2536
PAC-LT,18.9367,0.0000,23.7150,38.1365,0.0000,19.2118,0.0000
PAC-PA,0.9657,2.0515,43.3805,49.6530,0.0000,3.9493,0.0000
PAN-LP,7.1398,10.3454,27.2461,48.1910,0.0003,7.0775,0.0000
PAP-BG,8.2178,8.0453,36.5885,43.6941,0.0001,3.4541,0.0000
PAP-ET,4.3336,22.4991,0.3541,65.3862,6.7901,0.1466,0.4902
PAP-FP,6.7636,5.3138,38.1754,48.0488,0.0000,1.6985,0.0000
PAP-PH1,11.2879,17.8407,20.9958,42.2898,6.1434,0.8610,0.5814
PAP-PH2,12.1218,9.3844,33.8594,42.2843,0.0003,2.3498,0.0000
PAP-PH3,9.4833,21.0486,25.0425,32.2106,7.1119,3.1183,1.9848
PAP-RB,6.1968,16.3283,35.0299,39.6880,0.0005,2.7565,0.0000
PAR-LD,0.0817,1.4317,52.6953,42.5091,0.0000,3.2822,0.0000
PBY-GV,6.2132,14.0100,51.4816,24.7667,0.0000,3.5284,0.0000
PCH-LJ,0.2800,22.3834,1.2124,63.1958,4.3822,8.0723,0.4738
PGL-LH,2.5241,18.3490,22.6794,42.0867,3.0744,2.9382,8.3482
PGN-LC,9.4947,6.3955,32.7511,49.8193,0.0000,1.5395,0.0000
PGN-PI,0.3200,16.2727,21.4865,60.8867,0.5465,0.4877,0.0000
PGR-CC,10.3301,13.1570,33.1724,43.2418,0.0002,0.0986,0.0000
PGR-LR,18.1552,16.0556,41.9754,23.7164,0.0010,0.0966,0.0000
PGU-BG,1.2306,43.2484,28.5344,23.4306,2.5652,0.9909,0.0000
PGU-KG,0.2059,46.4780,29.4191,21.1194,2.7351,0.0425,0.0000
PGU-KV,19.6619,18.8602,36.2680,23.1694,1.2271,0.8134,0.0000
PGV-KG2a,5.3610,5.0421,27.2909,62.2557,0.0000,0.0502,0.0000
PGV-KG2b,23.7354,25.1864,28.3976,17.4961,4.4635,0.4228,0.2982
PGV-KG3a,5.2145,9.2865,29.0092,55.9641,0.0001,0.5257,0.0000
PGV-KG3b,14.4790,1.3136,33.6772,50.5171,0.0000,0.0131,0.0000
PGV-KG3c,24.0164,12.2472,24.3263,39.4058,0.0003,0.0040,0.0000
PGV-KG3d,29.3237,16.1675,7.6953,45.9945,0.8185,0.0005,0.0000
PGV-PP1a,2.8014,11.1761,30.8630,54.1474,0.0002,1.0120,0.0000
PGV-PP1b,5.3066,27.1913,27.3797,37.9657,1.6481,0.5085,0.0000
PGV-PP1c,6.9937,32.3107,19.7898,33.0202,7.2700,0.0305,0.5850
PIN-TB,4.4291,27.4523,24.6226,32.4283,5.6214,0.3662,5.0802
PLA-KR,0.4700,17.4811,36.3457,45.6690,0.0001,0.0341,0.0000
PLB-HP,1.5383,7.0171,60.3933,29.0617,0.0000,1.9896,0.0000
PLB-LHG,0.0038,21.4751,36.3639,39.0529,0.0001,3.1043,0.0000
PLB-LHV,0.0054,0.9587,24.0150,71.0031,0.0000,4.0177,0.0000
PLB-LM1,3.6148,0.0000,1.6886,90.9957,0.0000,3.7009,0.0000
PLB-LM2,0.7213,7.4110,45.7192,45.2008,0.0000,0.9476,0.0000
PLB-VN1,68.7379,0.0000,17.3430,13.8915,0.0000,0.0277,0.0000
PLB-VN2,0.5277,23.2723,44.6880,31.3277,0.0002,0.1842,0.0000
PLC-BV,6.5052,38.4134,35.5490,17.2035,2.0362,0.2928,0.0000
PLC-FO,11.0553,27.9216,23.7169,34.4462,1.9574,0.9026,0.0000
PLC-FR,5.1980,32.8403,24.4447,24.2804,3.9653,0.0854,9.1858
PLC-LP,7.1190,24.0747,26.2038,40.2810,1.4005,0.9210,0.0000
PLD-KG,0.1532,25.3385,43.4691,30.1742,0.0005,0.8646,0.0000
PLE-LF,1.6394,11.5008,53.8811,32.6510,0.0000,0.3277,0.0000
PLF-CH,22.8580,0.0157,31.7752,44.5739,0.0000,0.7772,0.0000
PLF-MD,17.6541,7.7952,27.7173,46.5304,0.0002,0.3027,0.0000
PLG-LB,10.7447,0.1475,38.1065,49.9719,0.0000,1.0294,0.0000
PLG-LC,7.0380,8.0086,40.7544,43.7764,0.0001,0.4225,0.0000
PLG-LM,11.0349,10.4205,37.1111,41.3464,0.0003,0.0867,0.0000
PLG-QC,11.6051,10.3249,36.1510,41.3681,0.0002,0.5507,0.0000
PLG-QL1,7.3730,5.4866,53.2389,32.5555,0.0000,1.3459,0.0000
PLG-QL2,12.5373,7.0400,33.5922,46.5185,0.0001,0.3119,0.0000
PLH-KD1,0.0233,9.5595,44.2808,45.8992,0.0000,0.2372,0.0000
PLH-KD2,0.0157,8.2059,43.0957,48.4464,0.0000,0.2363,0.0000
PLH-TL,0.1391,35.1751,31.6737,30.4643,0.8222,1.7258,0.0000
PLI-CQ,1.8738,38.3429,23.0602,28.4266,6.1827,1.6738,0.4400
PLI-VC,0.1617,22.8028,44.8582,30.7237,0.0002,1.4533,0.0000
PLI-VH,17.9808,7.9041,45.1917,28.5762,0.0001,0.3470,0.0000
PLJ-JN,2.4469,5.3082,45.4588,44.8766,0.0000,1.9095,0.0000
PLJ-PB,6.1268,46.9477,19.4465,18.6286,8.2467,0.0612,0.5424
PLL-BG,7.3543,33.5313,27.2985,24.4389,5.2015,1.7963,0.3793
PLL-SQ,1.2824,25.5053,36.7854,34.9268,0.7602,0.7399,0.0000
PLM-LC,1.8340,5.2853,43.1516,47.8747,0.0000,1.8543,0.0000
PLM-LN,10.6392,0.0173,39.2747,48.6083,0.0000,1.4604,0.0000
PLM-LV1,1.4701,5.6365,39.3615,50.1154,0.0000,3.4165,0.0000
PLM-LV2,2.6029,4.4744,41.5613,49.6321,0.0000,1.7293,0.0000
PLN-LG,36.2310,0.0000,39.2469,2.1043,0.0000,22.4178,0.0000
PLN-LR,26.2849,0.0000,54.4431,7.0159,0.0000,12.2561,0.0000
PLN-LT,2.1670,9.1091,55.5201,31.9986,0.0000,1.2051,0.0000
PLN-LV,6.2854,30.4624,20.2441,37.4923,3.5279,1.7928,0.1951
PLN-PS,40.6544,0.0000,0.0000,59.3456,0.0000,0.0000,0.0000
PLO-LD,12.6259,22.4114,2.8123,50.9103,2.5957,8.4720,0.1724
PLP-BG,18.2574,15.8427,40.1790,23.7821,0.6873,1.2515,0.0000
PLR-LP,1.8690,14.2921,37.6561,44.6045,0.0001,1.5782,0.0000
PLS-LG,0.0879,13.4236,40.2990,45.1115,0.0000,1.0780,0.0000
PLS-LO,10.1383,0.0000,12.8586,76.4873,0.0000,0.5157,0.0000
PLS-LT1,11.9179,8.8609,32.7007,46.3082,0.0000,0.2122,0.0000
PLS-LT2,34.2150,5.4341,23.1772,36.7343,0.0000,0.4394,0.0000
PLS-PV,4.4443,0.4880,26.7617,67.9432,0.0000,0.3627,0.0000
PLT-BJ1,14.8568,15.4081,19.6225,40.5131,3.4190,0.0590,6.1216
PLT-BJ2,26.9100,16.4594,19.0974,34.5524,2.7709,0.0003,0.2096
PLT-BJ3,33.3254,13.9360,3.5397,48.4049,0.7939,0.0000,0.0000
PLT-TL1,14.8797,7.0346,45.4339,31.2929,0.0000,1.3589,0.0000
PLT-TL2,10.7824,27.5925,24.4970,27.3265,5.0080,0.3313,4.4624
PLT-VM1,6.4410,12.0953,35.5590,43.1187,0.0004,2.7856,0.0000
PLT-VM2,8.4123,7.8349,37.7411,45.0329,0.0001,0.9787,0.0000
PLT-VM3,13.3940,4.4644,38.8068,42.4770,0.0000,0.8577,0.0000
PLT-VM4,13.7974,21.1929,25.7829,30.4670,4.2347,0.1434,4.3817
PLU-LN,15.6387,15.2744,23.0829,35.6899,2.9538,1.6467,5.7138
PLU-VC,33.1958,15.6143,29.4696,19.9848,0.9139,0.8217,0.0000
PLX-BB,12.5493,0.6270,43.9486,42.6117,0.0000,0.2633,0.0000
PLX-NV,20.5124,0.4196,34.7636,44.2319,0.0000,0.0726,0.0000
PLY-BR,0.0850,7.0898,23.5413,63.9119,0.0000,5.3721,0.0000
PLY-KM,0.0176,17.7301,3.1242,68.8372,5.0677,2.8974,2.3258
PLY-PB1,1.4231,12.3979,23.4982,59.9328,0.7641,1.9839,0.0000
PLY-PB2,0.0051,11.6931,0.8140,81.1263,1.8874,4.2507,0.2234
PLY-QC1,0.6903,5.3900,20.2498,70.8174,0.0000,2.8525,0.0000
PLY-QC2,3.7120,17.3763,5.3441,72.3857,1.1575,0.0244,0.0000
PLY-SM,4.5932,8.9897,39.9968,44.5835,0.0001,1.8367,0.0000
PLZ-SQ,0.0914,8.6632,52.7383,38.3406,0.0000,0.1665,0.0000
PMG-MD,1.2851,21.3183,47.1500,30.1185,0.0003,0.1278,0.0000
PMQ-KN,1.2099,38.5263,30.8020,26.7470,1.9058,0.8090,0.0000
PMR-KD,1.3072,13.1751,46.9565,37.6358,0.0000,0.9254,0.0000
PMR-KG,0.4723,11.4371,34.7477,53.2479,0.0000,0.0949,0.0000
PMR-KL,0.1605,6.4917,46.3601,46.7353,0.0000,0.2523,0.0000
PMR-KM,12.6917,6.3225,46.0300,34.9221,0.0000,0.0338,0.0000
PMR-KV,0.1776,11.7881,39.5946,48.2774,0.0000,0.1623,0.0000
PMT-SA,0.2557,20.5016,43.4956,31.8501,0.0003,3.8967,0.0000
PNF-LC,17.4325,0.0000,32.0619,34.9349,0.0000,15.5707,0.0000
PNF-LM,0.0304,0.0494,50.9078,47.1767,0.0000,1.8357,0.0000
PNF-SP,21.7968,0.0000,0.2572,62.1357,0.0000,15.8103,0.0000
PNF-VA,0.8762,0.0377,72.6081,19.3927,0.0000,7.0853,0.0000
PNF-VM,3.3832,0.9402,30.3002,65.2854,0.0000,0.0911,0.0000
PNT-MO,29.6825,18.2353,37.7078,12.8196,0.8886,0.6661,0.0000
PRD-FA,1.8684,18.3042,41.2778,38.2009,0.0002,0.3485,0.0000
PSS-DS,2.9492,1.2941,14.4991,81.2468,0.0000,0.0108,0.0000
PSS-TE,2.6093,0.1512,45.2540,46.4853,0.0000,5.5002,0.0000
PSS-VB,45.0940,0.0000,0.0284,32.9491,0.0000,21.9285,0.0000
PTP-BE1,0.0343,29.9261,18.1252,41.6127,4.1990,5.7583,0.3444
PTP-BE2,0.2216,31.5281,20.8063,37.8954,4.4904,4.6842,0.3741
PTT-LB,8.7675,31.4784,32.6907,24.9756,1.9213,0.1666,0.0000
QBR-LG,4.4449,35.0243,29.3290,19.3839,5.4869,1.3594,4.9717
QBR-LG1,11.8405,16.3777,10.5495,57.1942,2.8261,0.0021,1.2099
QBR-LG2,3.7943,13.5797,21.7514,60.1531,0.6238,0.0977,0.0000
QBR-LH,16.0075,11.5785,22.6966,49.6202,0.0005,0.0967,0.0000
QBR-LP,9.8953,18.6441,12.7842,55.0818,3.3709,0.0138,0.2100
QBR-PV,4.2637,27.0491,24.8173,38.4304,4.7559,0.3404,0.3432
QBR-VH,7.3938,29.5112,28.5271,32.6672,1.8445,0.0561,0.0000
QDL-LF,6.9554,14.4785,31.9464,45.7942,0.5796,0.2459,0.0000
QDL-LH,9.0373,7.6633,34.3051,48.8085,0.0001,0.1857,0.0000
QDL-VF,6.2738,4.5678,35.7694,52.1158,0.0000,1.2732,0.0000
QDL-VG,3.5335,7.6643,46.9986,39.9824,0.0000,1.8212,0.0000
QLC-LR,0.2850,1.3007,6.3099,91.8006,0.0000,0.3038,0.0000
QPG-KG,0.1180,2.2107,68.2440,25.9133,0.0000,3.5140,0.0000
QPG-LG1,0.6989,7.0049,47.5976,44.3131,0.0000,0.3855,0.0000
QPG-LG2,0.3222,2.5024,51.6190,45.3032,0.0000,0.2531,0.0000
QRN-BV,22.3397,9.8858,32.7621,34.8444,0.0002,0.1677,0.0000
QSY-LP,2.7920,11.9127,29.0685,56.1479,0.0001,0.0788,0.0000
QTN-LR,7.3620,10.1094,26.3799,56.0945,0.0002,0.0540,0.0000
RAN-BN,3.9233,7.4002,19.2135,69.3109,0.0001,0.1519,0.0000
RAN-CP,3.4394,7.1579,12.1244,76.6195,0.0015,0.6573,0.0000
RAN-GG,9.7456,5.8793,6.0057,78.3688,0.0003,0.0003,0.0000
REN-CL,6.3731,0.0000,0.0001,84.8905,0.0000,8.7363,0.0000
REN-LV,12.2507,0.0000,0.0000,87.7493,0.0000,0.0000,0.0000
REN-RT,6.6752,9.0289,6.3459,77.2042,0.7416,0.0043,0.0000
REN-SL1,0.1607,7.4572,4.9530,87.0667,0.0002,0.3623,0.0000
REN-SL2,4.9548,10.3696,10.2692,70.2387,0.0000,4.1677,0.0000
REN-SL3,3.1296,5.4955,31.9935,59.0117,0.0000,0.3697,0.0000
REN-SL4,0.0382,15.6863,5.1931,74.4934,3.7700,0.4757,0.3432
REN-SU,9.5615,12.1160,5.8035,69.7623,2.2766,0.2348,0.2454
RET-BT,0.0081,2.2668,5.6359,92.0061,0.0000,0.0831,0.0000
RET-LB,2.5637,14.3739,9.6630,69.0869,3.8181,0.1376,0.3569
RET-LR,2.7858,4.7718,6.5255,85.8784,0.0001,0.0384,0.0000
RHN-CP,5.2331,10.9824,7.3208,75.7558,0.6347,0.0731,0.0000
RIM-LA,0.3308,18.2974,11.3520,65.5692,3.8718,0.2400,0.3388
RIM-LP,0.2730,21.9120,30.4393,46.5018,0.5848,0.2891,0.0000
ROL-VH,12.5346,18.1236,23.5235,43.1790,2.4413,0.0063,0.1916
ROM-PP,19.9986,0.3619,25.8751,53.7535,0.0000,0.0108,0.0000
ROM-PR,3.2631,0.8710,40.9976,54.7080,0.0000,0.1603,0.0000
ROM-PY,1.4577,1.8779,58.3047,36.3508,0.0000,2.0089,0.0000
ROM-PY2,9.3760,0.2800,40.6487,49.2464,0.0000,0.4489,0.0000
ROU-GB,3.1696,0.7735,46.5602,48.6116,0.0000,0.8851,0.0000
ROU-KM1,31.0138,0.0000,23.2807,44.5400,0.0000,1.1656,0.0000
ROU-KM2,14.4463,0.0000,8.0822,77.3824,0.0000,0.0891,0.0000
ROU-LP,4.5167,5.0756,47.2507,42.8636,0.0000,0.2934,0.0000
RST-KM1,0.0000,54.6779,11.9878,0.0000,19.0713,0.0003,14.2626
RST-KM2,7.9058,37.2118,23.2286,24.7806,5.1524,1.4152,0.3055
RST-KM3,6.3530,30.0586,12.4113,43.4619,4.8561,2.4951,0.3639
RST-KP1,38.1738,1.2824,15.8856,44.6581,0.0000,0.0000,0.0000
RST-KP2,40.0694,18.7260,0.6166,39.7036,0.8845,0.0000,0.0000
RST-KP3,28.9768,7.0540,15.6289,48.3402,0.0000,0.0000,0.0000
RST-KP4,17.3238,11.4849,15.6010,55.5892,0.0001,0.0011,0.0000
SAA-LF,0.6365,10.4284,23.9809,62.3135,0.0000,2.6407,0.0000
SAC-BP,5.2725,20.0782,10.2411,34.5418,9.9740,4.5559,15.3367
SAC-LG,13.2036,11.5206,22.0953,49.7619,3.0811,0.0351,0.3023
SAE-LB,0.2133,23.0515,22.9088,51.1774,1.1466,1.5024,0.0000
SAE-LD,0.0509,19.0669,25.6534,51.9085,2.7162,0.3822,0.2219
SAE-LH,0.0433,21.8658,21.3833,54.4980,0.9664,1.2433,0.0000
SAE-LH2,0.0863,0.1830,11.2623,88.4161,0.0000,0.0523,0.0000
SAE-LH3,0.0039,22.3127,29.9819,46.4154,0.0001,1.2860,0.0000
SAE-LH4,0.0000,7.5946,0.0443,92.3603,0.0000,0.0008,0.0000
SAE-VV,1.4199,20.0626,26.0335,51.1966,0.9547,0.3326,0.0000
SAL-LT,1.8277,0.9732,57.9879,35.3589,0.0000,3.8522,0.0000
SAL-PH,2.6046,20.9248,25.3657,44.7841,3.1721,2.9285,0.2202
SAP-BG,1.7802,16.2326,10.7601,68.2426,0.9365,2.0480,0.0000
SAR-LT,0.0420,12.5617,8.1910,78.1899,0.6805,0.3349,0.0000
SBI-LP,1.2103,10.0016,47.7600,40.4244,0.0000,0.6037,0.0000
SCD-BG,12.0474,0.9992,41.2344,45.6512,0.0000,0.0678,0.0000
SCD-KD,2.0971,0.0984,18.7426,78.9832,0.0000,0.0787,0.0000
SCL-KM,0.1480,10.8514,41.6304,47.0207,0.0000,0.3495,0.0000
SCO-LP,10.3709,12.4031,15.7780,47.2967,5.9756,1.2130,6.9626
SCT-LM,0.2993,44.4686,27.5080,24.8052,2.2702,0.6487,0.0000
SDD-BB,2.1990,1.4795,51.5762,42.9332,0.0000,1.8122,0.0000
SDN-LB,12.7266,12.2511,47.9483,26.8443,0.0002,0.2296,0.0000
SDN-LT,16.9347,0.3633,42.0080,40.6640,0.0000,0.0301,0.0000
SEB-BG,1.2514,20.3571,9.8173,61.7693,3.5557,2.9300,0.3192
SEC-LC,6.7011,52.5307,14.9155,14.4752,10.4260,0.1597,0.7918
SEV-CQ,0.0222,1.7343,14.9440,82.7419,0.0000,0.5577,0.0000
SEV-HN1,1.7543,1.4939,51.9305,43.6273,0.0000,1.1940,0.0000
SEV-HN2,3.4207,0.9568,53.9750,40.8469,0.0000,0.8007,0.0000
SEV-LP,37.4482,0.0000,0.0002,51.0252,0.0000,11.5264,0.0000
SEV-PG,16.7285,0.0000,0.0000,83.2715,0.0000,0.0000,0.0000
SEV-VB,3.4075,8.9607,39.5248,47.3350,0.0000,0.7719,0.0000
SEV-VI,12.2946,5.9980,44.6623,36.7645,0.0001,0.2805,0.0000
SGB-BG,0.0645,7.2245,65.6781,24.2776,0.0000,2.7552,0.0000
SGB-GC,1.6596,11.8574,44.6922,41.5884,0.0000,0.2024,0.0000
SGD-LF,3.7525,14.7765,45.5835,34.9917,0.0003,0.8954,0.0000
SGR-CD,6.9741,10.2130,38.3681,43.8108,0.0004,0.6336,0.0000
SGR-LB,0.1978,0.7000,43.0521,52.9484,0.0000,3.1017,0.0000
SGR-LH1,2.3359,4.8177,48.7133,42.4414,0.0000,1.6917,0.0000
SGR-LH2,2.9234,6.4538,55.8526,33.3824,0.0000,1.3878,0.0000
SGR-LH3,9.9241,5.7865,50.7693,32.4286,0.0000,1.0914,0.0000
SGR-LH4,6.0613,6.3139,43.0690,43.3510,0.0000,1.2048,0.0000
SJC-LT,8.6605,19.4829,42.7189,28.8369,0.0008,0.3000,0.0000
SJI-KG,3.2262,1.5010,57.9750,35.9616,0.0000,1.3362,0.0000
SJI-LF,0.6981,1.2723,51.4776,44.0694,0.0000,2.4827,0.0000
SJV-BG,0.1420,7.4994,5.1471,87.1614,0.0000,0.0500,0.0000
SJV-BG2,1.0708,6.0294,10.2102,82.5303,0.0000,0.1592,0.0000
SJV-BN,3.6041,11.8679,22.3995,61.3456,0.0006,0.7824,0.0000
SJV-LH,28.9222,6.8104,14.3539,49.9006,0.0002,0.0127,0.0000
SLA-CR,1.9830,8.3347,44.7665,42.9203,0.0000,1.9956,0.0000
SLG-BG,4.6203,8.6916,19.8737,66.7530,0.0003,0.0610,0.0000
SLR-BG,0.4768,14.2763,14.6487,65.4745,0.5721,4.5516,0.0000
SMA-LT,0.8255,0.8790,9.9514,88.3340,0.0000,0.0101,0.0000
SMB-BG,8.9182,24.6420,32.4678,28.8583,3.7564,1.1212,0.2362
SMC-LA,13.4700,5.2828,49.3533,29.1357,0.0000,2.7581,0.0000
SMD-CA,14.3823,0.0000,0.0000,85.6177,0.0000,0.0000,0.0000
SMD-MT,15.9783,21.5989,22.2942,30.8086,3.9381,2.3128,3.0690
SMG-LY,5.9846,0.6906,47.1686,45.5255,0.0000,0.6306,0.0000
SMH-LM,8.9221,4.4981,49.5825,36.5405,0.0000,0.4568,0.0000
SML-HR,2.7533,18.5557,46.8314,31.4175,0.0004,0.4417,0.0000
SMM-BG,1.2521,18.8515,3.8682,65.4141,7.4724,0.5634,2.5783
SMM-CB,11.2043,10.0192,37.6795,38.6431,0.0003,2.4537,0.0000
SMM-LB,2.8190,16.0089,24.0047,45.6094,4.7135,4.8959,1.9486
SMM-LF,4.3868,9.8159,40.9263,42.8153,0.0001,2.0556,0.0000
SMM-LP,0.0458,12.0191,1.8775,79.6064,2.7668,3.3854,0.2990
SMM-VM,2.3004,18.6421,20.7753,46.9534,3.6324,7.3379,0.3585
SMN-PC,1.1069,8.5028,33.8113,54.4098,0.0000,2.1692,0.0000
SMP-LD,0.2934,20.8981,52.4342,24.7689,0.0004,1.6049,0.0000
SMP-PG,3.7356,0.5057,65.8884,29.5639,0.0000,0.3064,0.0000
SMR-LB,0.2353,1.6638,20.5152,77.0266,0.0000,0.5591,0.0000
SMZ-BG,12.9318,20.4720,35.2615,29.7145,0.8637,0.7564,0.0000
SON-TR,11.8515,14.6066,24.2498,22.3635,4.0951,0.1418,22.6917
SON-TR2,19.5367,5.0163,37.6567,37.0463,0.0001,0.7439,0.0000
SON-VJ1,19.6919,0.0000,41.9303,26.6577,0.0000,11.7201,0.0000
SON-VJ1b,7.8242,0.0000,58.4727,26.4649,0.0000,7.2382,0.0000
SON-VJ2,33.9779,0.0000,0.0000,66.0221,0.0000,0.0000,0.0000
SON-VJ3,52.6819,0.0000,5.0949,42.2230,0.0000,0.0001,0.0000
SON-VJ4,35.3571,0.0000,0.0000,64.6429,0.0000,0.0000,0.0000
SON-VJ5,53.8796,0.0000,1.4614,15.7491,0.0000,28.9100,0.0000
SON-VJ6,38.7231,0.0000,0.4397,43.9102,0.0000,16.9270,0.0000
SOU-LD,13.0942,19.2209,19.7915,42.8428,4.1463,0.5405,0.3638
SPE-BG,7.3719,0.1772,44.5781,42.1054,0.0000,5.7674,0.0000
SPG-PJ,9.2723,39.8293,26.7327,21.5368,2.6202,0.0087,0.0000
SPG-RA,10.6178,18.3164,25.7975,42.2442,2.7725,0.0618,0.1898
SPG-VL,10.3806,27.8292,18.1086,39.3387,4.0537,0.0759,0.2132
SPN-BM,6.8909,6.6200,53.3429,32.1288,0.0000,1.0173,0.0000
SPN-BM1,6.3384,6.5178,53.7989,32.5025,0.0000,0.8424,0.0000
SPN-BM2,0.0000,0.0000,0.0000,100.0000,0.0000,0.0000,0.0000
SPN-BM3,5.4937,0.9785,50.5798,40.7594,0.0000,2.1886,0.0000
SPN-ED,5.3173,7.0875,34.7025,52.1133,0.0000,0.7794,0.0000
SPN-LP,2.2935,9.5857,41.7100,42.7706,0.0000,3.6402,0.0000
SPN-VR1,10.3886,6.2798,33.0716,50.1196,0.0000,0.1404,0.0000
SPN-VR2,18.1431,0.0000,41.2046,30.3499,0.0000,10.3025,0.0000
SPN-VR3,2.8975,24.7331,12.6556,46.1241,6.2724,0.3216,6.9957
SPN-VR4,0.4137,15.0586,8.5110,63.6085,3.5715,4.5060,4.3308
SPN-VR5,2.5909,19.1349,15.0768,60.9067,1.0870,1.2037,0.0000
SPO-VE,0.8311,16.8756,55.4588,25.2322,0.0002,1.6022,0.0000
SQP-VR,0.7458,29.0033,19.5717,34.8148,6.5012,2.5330,6.8303
SRL-PL,1.6670,1.5420,35.7279,60.9977,0.0000,0.0654,0.0000
SRP-BG,0.4727,1.4141,39.0068,57.9170,0.0000,1.1893,0.0000
SRV-BC,0.8488,10.3118,3.6359,84.4128,0.7499,0.0409,0.0000
SSB-LL1,0.6914,18.0884,2.7400,61.1822,2.8602,8.9581,5.4796
SSB-LL2,1.2887,20.4567,8.5614,55.0931,4.0158,5.1517,5.4326
SSG-LF,5.2433,0.0000,5.2095,86.1804,0.0000,3.3668,0.0000
SSN-BH,8.8844,9.0900,31.2489,47.4948,0.0002,3.2816,0.0000
SSP-LF,4.0559,1.0952,27.1674,67.6435,0.0000,0.0380,0.0000
SSY-RO,1.1113,12.5904,51.6514,31.5901,0.0000,3.0568,0.0000
STG-BG,4.2894,4.6349,45.3037,45.1606,0.0000,0.6115,0.0000
STG-LA,1.1021,9.5252,33.6855,54.2545,0.0001,1.4327,0.0000
STG-LP1,6.1489,9.5022,32.7533,50.7869,0.0002,0.8084,0.0000
STG-LP2,1.6182,9.0789,30.3008,57.5917,0.0001,1.4103,0.0000
STG-MN,4.0875,1.4408,48.0630,45.7415,0.0000,0.6671,0.0000
STH-CS1,2.0128,5.2835,38.2681,50.0665,0.0000,4.3691,0.0000
STH-CS2,51.9597,0.0000,0.6810,14.1208,0.0000,33.2386,0.0000
STJ-TM,0.2352,21.4612,30.5096,46.6522,0.8216,0.3202,0.0000
STR-BA,5.2550,12.6378,48.6743,32.2204,0.0001,1.2124,0.0000
STU-VB,1.8411,15.0702,30.3937,47.3165,0.0001,5.3785,0.0000
SVR-HG,8.2632,7.1276,40.1656,44.0776,0.0002,0.3658,0.0000
SVR-PJ,10.5252,8.7665,31.3924,49.1761,0.0001,0.1397,0.0000
SXA-LC,4.0461,6.4032,13.6183,75.7544,0.0000,0.1781,0.0000
TAU-KB,9.2576,0.0000,0.0000,90.7424,0.0000,0.0000,0.0000
TGM-LB,6.4608,18.4237,32.0616,36.8783,2.5886,3.3911,0.1958
TGM-LV,3.9409,0.6857,42.3011,52.7672,0.0000,0.3050,0.0000
TGR-LL,2.9919,15.8026,48.5115,31.7836,0.0001,0.9102,0.0000
THR-BN,1.1805,14.2374,24.7911,54.8090,0.0001,4.9819,0.0000
TIN-BG1,6.4652,12.2495,18.5051,61.9937,0.7428,0.0437,0.0000
TIN-BG2,6.3058,0.9434,65.5168,24.7141,0.0000,2.5199,0.0000
TIN-MJ,0.1998,5.0382,46.3518,48.2951,0.0000,0.1151,0.0000
TLF-GM,1.5280,56.0840,4.4270,32.2846,2.3582,3.3181,0.0000
TLF-MY,10.8469,25.1994,31.7839,29.2168,1.4837,1.4694,0.0000
TLS-LG,13.0522,0.0000,10.1779,52.8619,0.0000,23.9080,0.0000
TLS-LM,3.2360,12.3640,32.3889,47.6544,0.0006,4.3561,0.0000
TLS-RD1,5.2876,0.5968,47.7153,44.9430,0.0000,1.4573,0.0000
TLS-RD2,10.8827,7.8072,29.8706,51.0397,0.0001,0.3997,0.0000
TLS-RD3,2.1953,23.2771,19.4891,41.9498,5.5030,0.1369,7.4488
TLS-RD4,0.7712,6.7346,4.9834,87.3886,0.0001,0.1219,0.0000
TLS-RD5,0.6994,9.1961,0.0914,64.7384,2.2049,0.0025,23.0672
TMH-LG,6.0880,25.3833,23.0419,40.6014,4.2639,0.3084,0.3132
TRC-KD,2.3789,22.2297,24.9295,42.5768,5.1923,1.0480,1.6448
TRD-MB,26.8950,0.7698,16.3202,56.0149,0.0000,0.0001,0.0000
TRE-LF,24.8645,0.0000,0.0000,75.1355,0.0000,0.0000,0.0000
TRF-LC,3.5007,15.5355,12.8805,65.1343,2.5284,0.2701,0.1505
TRF-LP,0.0000,8.5215,0.0000,49.1669,8.4020,0.9534,32.9561
TRF-LP2,3.8650,11.9542,40.9207,37.4923,0.0004,5.7674,0.0000
TRL-LP,24.8055,0.8717,53.3946,20.7793,0.0000,0.1489,0.0000
TRM-LG,8.4389,6.5908,49.7333,33.5953,0.0000,1.6417,0.0000
TRN-BG,28.2090,8.8892,25.7190,37.0945,0.0004,0.0879,0.0000
TRN-LP,1.3893,11.0049,34.5831,52.4220,0.0000,0.6007,0.0000
TRN-MM,9.5869,10.5026,51.0450,28.6075,0.0000,0.2581,0.0000
TRR-BM,1.0928,1.0761,38.1002,59.1532,0.0000,0.5776,0.0000
TRV-KC,1.0866,43.8220,26.4620,20.1762,7.3075,0.6520,0.4936
TRV-LF,1.5353,37.7528,28.9594,25.0692,4.9455,1.4582,0.2797
TVR-LP,0.0808,13.0053,14.1239,72.4900,0.0003,0.2997,0.0000
TVR-LS,0.0399,17.2539,40.2750,37.7050,0.0000,4.7261,0.0000
VAY-LA,4.3935,7.4719,12.4256,67.6651,1.5940,0.3718,6.0781
VDL-PM,6.6299,5.7755,16.2467,71.3231,0.0000,0.0247,0.0000
VIG-BG,11.6507,0.7737,44.3069,42.4184,0.0000,0.8503,0.0000
VIZ-HL,0.0000,1.8321,0.0000,46.7890,0.0699,0.0000,51.3090
VIZ-VO,1.2726,1.5102,47.8686,45.8797,0.0000,3.4691,0.0000
VZC-LL,41.2891,0.0000,0.0623,28.8506,0.0000,29.7980,0.0000
VZS-LL,5.3443,0.2619,61.7377,28.1695,0.0000,4.4866,0.0000
YFN-LV,0.1703,1.7558,56.0444,40.5540,0.0000,1.4755,0.0000
YFN-VH,6.5832,12.3056,52.1980,27.8634,0.0001,1.0497,0.0000
YVG-CC,9.8121,35.9882,22.4760,18.7724,8.8311,0.0352,4.0850
YVG-LY,34.1227,5.3594,14.6135,45.9041,0.0002,0.0002,0.0000
YVG-QB,10.2000,6.2896,26.1015,57.2673,0.0009,0.1406,0.0000
