,l2 error,nb components,L1 relative error
AVERAGE,1.3936,5.0144,8.5010
ACG-LP,3.1394,4.0000,20.0555
ACG-RM,1.9068,4.0000,11.8204
AML-LY,0.8487,6.0000,6.2133
AML-PT,4.4309,4.0000,22.0768
AND-LN,1.4020,5.0000,10.8329
ARB-CH,1.0986,5.0000,7.9594
AUC-BF1,1.5754,5.0000,8.0580
AUC-BF2,2.3613,4.0000,11.6044
AUC-BF3,1.1318,6.0000,8.3751
AUC-BF4,0.9127,6.0000,5.5078
AVL-NS,2.6401,4.0000,18.1283
BAI-LB,1.2441,4.0000,8.1400
BAI-VL,2.2270,4.0000,14.0454
BAU-LM,1.1485,6.0000,7.0433
BBT-BG,0.9135,6.0000,5.2730
BBT-LG,1.3215,7.0000,8.2877
BED-BD,0.8235,5.0000,4.1251
BED-GR,0.7812,5.0000,5.1742
BED-LB1,0.7028,5.0000,4.1689
BED-LB10,0.7186,5.0000,5.2782
BED-LB11,1.0896,5.0000,7.7010
BED-LB12,0.7445,5.0000,4.9105
BED-LB13,1.2908,4.0000,8.2505
BED-LB14,0.8961,5.0000,6.6796
BED-LB2,0.6314,5.0000,4.3660
BED-LB3,0.9434,5.0000,4.3107
BED-LB4,0.5671,5.0000,3.9533
BED-LB5,0.8942,5.0000,6.3499
BED-LB6,0.8143,5.0000,6.0531
BED-LB7,0.8894,5.0000,6.1605
BED-LB8,0.9334,5.0000,6.7156
BED-LB9,0.8288,5.0000,6.1807
BED-LH,1.2430,6.0000,7.3904
BED-LR,0.7504,5.0000,4.6463
BED-LT1,0.6175,5.0000,3.8180
BED-LT2,0.7092,5.0000,3.7145
BED-MJ1,0.8407,5.0000,5.4827
BED-MJ2,1.8958,4.0000,11.4333
BER-GH,0.9335,6.0000,6.3851
BER-NQ1,1.4994,6.0000,8.3744
BER-NQ2,1.2732,7.0000,10.4924
BET-PL,0.8336,5.0000,5.0513
BGB-LT,1.6713,5.0000,11.1735
BGY-BB,0.7244,5.0000,4.1389
BGY-BP2,0.8534,5.0000,4.8171
BGY-BPS,1.7463,4.0000,8.2686
BGY-CB,0.6940,5.0000,4.9615
BGY-LCH,0.8996,5.0000,4.9625
BGY-LCO,1.1356,5.0000,5.7126
BGY-LF,0.9377,5.0000,6.0158
BGY-MT,0.6828,5.0000,4.4571
BGY-TB,0.8640,5.0000,4.1358
BHD-VM,1.1858,5.0000,8.0057
BHN-BS,1.1283,4.0000,6.5989
BHN-QV,0.8346,5.0000,4.3144
BLR-BG,1.5677,7.0000,12.4387
BLR-FT,1.5243,6.0000,11.8695
BLR-LH,0.9889,5.0000,6.8465
BMO-BG,1.2911,5.0000,5.4314
BOV-BG,1.4882,5.0000,8.5015
BOV-LP,1.2691,6.0000,9.5427
BPC-LH,1.5714,7.0000,8.3903
BRC-LB,1.7521,4.0000,11.4876
BRG-LF,1.2883,7.0000,10.1737
BRG-ML,1.2573,5.0000,6.3575
BRL-BG,1.0060,5.0000,6.9775
BRL-BV,2.4448,4.0000,16.6191
BRL-RG,1.0717,6.0000,7.5930
BRM-LT,1.1646,7.0000,8.6577
BRO-KM,1.2403,5.0000,8.0217
BRO-LH,1.6011,6.0000,10.2241
BRO-VO,0.8181,5.0000,4.2384
BRO-VS,0.8855,5.0000,6.2465
BRT-LS,1.4388,5.0000,10.5595
BRU-GL,1.4272,7.0000,11.3361
BRU-VH,1.1493,6.0000,6.5517
BRV-HF,2.3906,4.0000,15.5599
BRZ-RH,1.1526,7.0000,9.6516
BZP-LC,0.8036,5.0000,4.5884
CAG-BG,1.2218,5.0000,7.5169
CAR-IC1,2.4485,4.0000,11.3681
CAR-IC2,0.9770,5.0000,5.5519
CAU-CL,1.4625,5.0000,10.3889
CAU-HE,1.4968,5.0000,10.8396
CAU-LR,1.0312,7.0000,7.3681
CAU-LV,1.1061,5.0000,6.2600
CES-CH,0.6640,5.0000,4.2617
CES-FG,1.9871,4.0000,13.0880
CES-NV,4.0151,1.0000,24.0598
CES-PT,1.3548,4.0000,8.8505
CHA-GB1,1.0758,5.0000,6.3841
CHA-GB2,0.9708,5.0000,6.3632
CHB-QM1,0.8011,5.0000,4.9463
CHB-QM2,1.0248,5.0000,6.4118
CHE-CH,1.2045,5.0000,8.9255
CHG-GE,1.0202,7.0000,7.5108
CHI-DL,1.5481,5.0000,10.3847
CHL-CR,1.6973,4.0000,11.7386
CHL-RT,1.2313,5.0000,8.5373
CHM-BG,4.0414,4.0000,19.2772
CHN-BG,1.3366,5.0000,9.3280
CHP-BG,1.1945,3.0000,7.7463
CHS-LM,2.6136,5.0000,20.7458
CHT-BB,1.4367,5.0000,10.6456
CHT-GB,1.0396,6.0000,7.1449
CHV-BC,0.9949,7.0000,7.8653
CIN-BG,1.1632,5.0000,7.2712
CIN-LB1,6.5843,1.0000,41.0332
CIN-LB2,0.7487,5.0000,5.5333
CIN-LP,1.1916,5.0000,8.6810
CMB-LR,2.1535,4.0000,10.1338
CMP-LG,1.4487,4.0000,9.7856
CNI-LB,0.7929,5.0000,5.9321
CNI-LG,1.1792,4.0000,7.3283
COL-CH,0.8145,5.0000,4.4544
COM-LM,0.7016,5.0000,5.5069
CON-LR,1.7862,7.0000,12.1724
CON-SM,1.3972,5.0000,9.2793
COR-BR,1.6102,4.0000,8.5908
COR-LC1,0.8541,5.0000,5.3807
COR-LC2,1.1090,3.0000,5.7158
COR-LF,0.9954,5.0000,4.7580
COR-TR,0.7026,5.0000,4.2569
CRD-LT,1.5135,5.0000,9.4179
CRD-LV,1.5742,5.0000,10.7583
CRD-PP1,0.9617,5.0000,5.7449
CRD-PP2,0.9773,5.0000,4.9549
CRD-PP3,1.1346,6.0000,8.6729
CRD-VP,0.8438,5.0000,4.8087
CRE-BZ,1.6203,4.0000,8.7853
CRE-RH,1.8977,4.0000,11.2817
CRH-LB,1.4140,4.0000,8.3553
CRH-LC,0.8783,7.0000,5.9331
CRH-LM1,1.2250,7.0000,7.8383
CRH-LM2,0.9731,7.0000,6.6305
CRH-LM3,1.0337,7.0000,7.1586
CRH-LM4,1.0199,7.0000,5.5057
CRH-LM5,2.4799,5.0000,17.9274
CRH-LR,0.8450,5.0000,5.6688
CRN-CH1,0.7393,6.0000,5.2955
CRN-CH2,0.9722,6.0000,7.7205
CRN-LP,1.2422,4.0000,8.3453
CRX-LC,1.6278,4.0000,10.5186
DDN-BT,0.9051,5.0000,6.2420
DNG-BE,1.0733,6.0000,6.2354
DNG-LM,1.3342,7.0000,11.9541
DOL-HD,1.7461,4.0000,12.0340
DOM-LL,1.0087,5.0000,7.4742
DOM-LT,5.2476,3.0000,22.5359
DOM-MG,1.0763,5.0000,8.2523
DOO-EC,2.1049,4.0000,10.9835
DRG-LR,1.5269,5.0000,9.1986
EPN-LB,1.7464,5.0000,8.0473
EPN-VJ,0.8127,6.0000,5.8517
ERC-CP,0.7029,5.0000,4.2592
ERC-CR,1.0393,5.0000,5.6912
ERC-CT,0.9832,5.0000,7.2643
ERC-EQ,0.6673,5.0000,4.2176
ERC-SM,0.8341,5.0000,5.9315
ESS-LL,1.0441,5.0000,7.3816
ETR-LB1,1.2258,4.0000,6.2803
ETR-LB2,1.5874,4.0000,10.1212
EVG-VN1,1.0950,5.0000,6.6877
EVG-VN2,1.5086,4.0000,8.7906
EVN-LO,3.6386,2.0000,21.1259
EVN-LR,1.4595,5.0000,8.5968
FFT-LB,1.2200,5.0000,8.5583
GAE-BE,1.1645,6.0000,8.0545
GAE-BO,2.1569,5.0000,15.5934
GAE-LB,1.2614,5.0000,8.5815
GAE-LC,1.0885,5.0000,7.7231
GAE-LE,1.0275,5.0000,7.8898
GAE-LEbis,2.0781,4.0000,9.9118
GAE-LES1,1.0828,5.0000,7.7353
GAE-LES2,1.2933,5.0000,7.3005
GAE-LES3,3.0051,1.0000,21.0844
GAE-LG,0.9955,5.0000,6.2095
GAE-LL,3.8394,2.0000,21.1067
GAE-LM,1.6276,4.0000,9.1013
GAE-LMS,1.3869,4.0000,8.4106
GAE-LP,0.6374,5.0000,4.2023
GAE-LT,1.5913,6.0000,10.8246
GAE-PE,1.0739,5.0000,8.6104
GAE-PG,1.2261,5.0000,9.2250
GAE-QU,0.7413,5.0000,4.3939
GAE-QUbis,1.8078,4.0000,10.4057
GAE-QUS,1.0320,5.0000,7.5442
GAE-VG,0.6274,5.0000,3.6927
GAU-MB,1.0613,7.0000,6.5879
GCH-CH,0.8094,5.0000,5.7696
GCH-LR,1.2653,5.0000,8.3764
GEN-OU,1.2165,4.0000,6.2416
GGN-LB,1.5513,6.0000,12.1376
GHD-LP,1.0755,7.0000,8.6376
GIP-LJ,1.2972,7.0000,8.5329
GIP-MM,2.7958,2.0000,14.4581
GIT-CL,0.7965,5.0000,5.1016
GIT-LC,1.1189,6.0000,8.2222
GIT-LD,1.6669,5.0000,12.1643
GIT-VN,1.1805,4.0000,7.6095
GLM-CA,2.0261,4.0000,13.0880
GLR-CA,1.9667,5.0000,12.2400
GLR-LM,0.9106,5.0000,5.7480
GLR-LR,1.2878,4.0000,7.5967
GLT-KF,0.9641,5.0000,6.1340
GOM-PL,0.8679,6.0000,5.4118
GON-BG,0.8447,5.0000,4.7228
GON-CT,1.4354,4.0000,7.4902
GON-LM,0.8304,5.0000,4.0494
GOS-LB,2.2218,7.0000,15.7745
GOU-LQ,1.2962,5.0000,6.2367
GOV-HE,1.2898,6.0000,8.3364
GPY-LB,1.5712,5.0000,10.4651
GPY-LP,0.8786,5.0000,6.6162
GPY-MP,2.0027,4.0000,13.0066
GRC-BM,1.3718,5.0000,9.8905
GVZ-CP1,0.8789,5.0000,5.4777
GVZ-CP2,2.7033,4.0000,16.8956
GVZ-LC,0.9553,5.0000,5.1371
GVZ-LP,1.1006,5.0000,6.8186
GVZ-LR1,0.9008,5.0000,4.8633
GVZ-LR2,1.1490,5.0000,7.3833
GVZ-LR3,1.1013,5.0000,7.0110
GVZ-PG,2.6760,4.0000,13.6764
GVZ-TC,0.7318,5.0000,4.5046
HEB-LG,0.9177,5.0000,6.9877
HEB-LL,2.7679,5.0000,13.5930
HED-LJ,1.9150,5.0000,9.9681
HEN-HJ,1.1946,5.0000,6.9585
HEN-VP,0.8106,5.0000,6.2759
HER-BB,1.8141,7.0000,12.2996
HIL-LM,1.4094,5.0000,8.5677
HIR-LT,1.1941,5.0000,8.5916
HUL-FT,0.8942,7.0000,5.8981
HUL-LF1,0.9734,5.0000,5.9284
HUL-LF2,1.0870,6.0000,5.9363
IFD-AU1,1.5110,5.0000,9.7587
IFD-AU2,1.6952,5.0000,11.5793
IFD-AU3,4.5584,2.0000,25.9630
IFD-AU4,0.9716,5.0000,6.3998
IFD-AU5,1.3651,5.0000,9.0214
IFD-BR1,1.2146,7.0000,7.5509
IFD-BR2,3.2775,3.0000,17.9399
IFD-CG,0.7934,5.0000,4.7543
IFD-CT,1.6228,5.0000,9.0476
IFD-GC,1.3083,5.0000,8.8330
IFD-LV(2),1.2200,6.0000,6.8861
IFD-LV1,1.1342,7.0000,8.4289
IFD-LV2,1.0954,5.0000,6.2940
IFD-MH1,0.7362,5.0000,5.1537
IFD-MH2,0.8820,5.0000,6.1338
IFD-VA,2.6241,4.0000,11.7452
IFD-VG,1.0216,5.0000,8.0831
ILF-BR,0.7263,5.0000,4.6514
ILF-PL,0.9850,5.0000,6.1967
IRD-AM1,1.1909,5.0000,5.8547
IRD-AM2,0.8408,5.0000,4.1663
IRD-AM3,0.6262,5.0000,4.2635
IRD-AM4,0.5928,5.0000,3.6983
IRD-AM5,0.8598,5.0000,4.7242
IRD-AM6,1.5311,4.0000,7.5440
IRD-AM7,1.0210,5.0000,5.5714
IRD-AM8,2.3947,3.0000,14.3040
IRD-AM9,2.9799,3.0000,18.2380
IRD-AU,1.0120,5.0000,6.9231
IRD-BG1,1.4512,4.0000,9.6696
IRD-BG2,0.9615,5.0000,6.2070
IRD-BI,0.7884,5.0000,4.8216
IRD-BM,1.2155,5.0000,6.6183
IRD-BO,0.7397,5.0000,4.2710
IRD-BS,0.8462,5.0000,4.5485
IRD-BV1,1.2810,4.0000,7.5769
IRD-BV2,0.5320,5.0000,3.3764
IRD-CL,0.9446,6.0000,7.0783
IRD-CR,0.9089,5.0000,5.2756
IRD-GA,0.9277,5.0000,5.8137
IRD-HI,0.7646,5.0000,4.6740
IRD-HO,0.9130,5.0000,5.0320
IRD-LB1,2.7127,2.0000,17.2793
IRD-LB2,2.1191,4.0000,9.6889
IRD-LB3,0.8101,5.0000,5.4775
IRD-LC,0.8258,5.0000,4.7225
IRD-LG,0.8986,5.0000,5.5955
IRD-LH,1.0079,5.0000,5.1480
IRD-LM1,2.2079,4.0000,13.8172
IRD-LM2,0.9310,5.0000,5.7124
IRD-LM3,0.6678,5.0000,4.1177
IRD-LN1,0.9191,5.0000,5.3930
IRD-LN2,1.0483,5.0000,6.2511
IRD-LP1,0.8540,5.0000,5.2990
IRD-LP1b,0.6173,5.0000,4.5542
IRD-LP2,0.7357,5.0000,4.8196
IRD-LP3,0.7960,5.0000,4.9218
IRD-LP4,0.8315,5.0000,5.5278
IRD-LP5,0.6943,5.0000,4.6516
IRD-LP5b,0.7051,5.0000,5.0430
IRD-LP6,1.3976,4.0000,9.2400
IRD-LP7,1.9284,4.0000,12.5412
IRD-LP8,1.8051,5.0000,12.7018
IRD-MA,0.9884,5.0000,6.2898
IRD-MH,0.7978,5.0000,4.7775
IRD-OI,0.7961,5.0000,4.8335
IRD-PB,0.7470,5.0000,5.2759
IRD-PM1,1.0584,5.0000,6.6267
IRD-PM10,0.7349,5.0000,4.3440
IRD-PM2,1.3699,5.0000,8.4930
IRD-PM3,2.1540,4.0000,13.2049
IRD-PM4,1.9217,3.0000,11.2842
IRD-PM5,0.7480,5.0000,4.9061
IRD-PM7,1.0889,5.0000,5.7771
IRD-PM8,3.2937,3.0000,19.3939
IRD-PM9a,0.6615,5.0000,3.8505
IRD-PM9b,0.7983,5.0000,4.7947
IRD-PM9c,1.3591,4.0000,8.6308
IRD-PM9d,1.6940,4.0000,10.7933
IRD-PM9e,2.9039,4.0000,18.9913
IRD-PM9f,2.8938,3.0000,18.1367
IRD-PP,0.7282,5.0000,4.2402
IRD-PT1,1.1511,5.0000,5.4386
IRD-PT2,1.4337,4.0000,8.5405
IRD-PT3,1.1436,5.0000,6.6418
IRD-PY,1.0060,5.0000,4.9843
IRD-RR1,0.8146,5.0000,4.4130
IRD-RR2,0.7117,5.0000,4.1196
IRD-VP,0.8313,5.0000,4.7148
IRD-VS1,0.9046,5.0000,4.7515
IRD-VS2,0.7591,5.0000,3.7680
IRD-VS3,7.1769,5.0000,29.6051
IRD-VS4,0.8274,5.0000,4.4225
JNZ-GD,1.3079,4.0000,8.5432
JNZ-LC,3.0960,4.0000,22.2068
JNZ-VL,0.8897,5.0000,6.0384
LAG-CA,0.8522,5.0000,4.4105
LAH-CG,1.8189,7.0000,8.9696
LAI-BL,1.3231,6.0000,9.8062
LAL-BG,1.0482,5.0000,6.3343
LAM-LG,2.3739,4.0000,15.7652
LAN-CV,1.1703,5.0000,7.3215
LAN-KR,0.9618,5.0000,4.4742
LAR-SR,0.9357,5.0000,4.6795
LAT-VF,1.0820,6.0000,8.0114
LAY-BG,1.0684,6.0000,6.8566
LBC-LC,2.8619,4.0000,12.9634
LBR-LB,1.1573,4.0000,7.8099
LBR-PC,1.2956,4.0000,8.4860
LBS-LV,0.6823,5.0000,4.0186
LBX-CF,0.9039,6.0000,5.7125
LBX-GF,1.7948,7.0000,14.1465
LCB-LG,0.7022,5.0000,4.5803
LCC-FT,0.8111,5.0000,4.2723
LCC-HH,2.6846,4.0000,11.5598
LCC-LB,1.8832,4.0000,8.4164
LCC-PB,1.5740,4.0000,7.4972
LCF-LC1,1.3243,4.0000,7.2111
LCF-LC2,0.8558,5.0000,5.8891
LCG-BG,0.7534,5.0000,4.2410
LCL-PB,2.6953,4.0000,11.2003
LCR-LM,0.7249,5.0000,4.1307
LCR-PL1,2.4118,3.0000,13.4839
LCR-PL2,3.5987,4.0000,21.9996
LCT-BG1,1.5702,5.0000,12.1948
LCT-BG2,1.4111,5.0000,11.0899
LCY-LC,0.7876,5.0000,4.9553
LCY-LR,0.9165,5.0000,6.2130
LDB-BG,1.5631,5.0000,8.4739
LDC-LE,1.1520,5.0000,6.2011
LDC-LP,3.1663,3.0000,20.6784
LDC-LT,1.2332,4.0000,6.7950
LDC-VB1,1.2973,4.0000,7.5407
LDC-VB2,1.4873,7.0000,10.5856
LDJ-BG1,1.8166,4.0000,11.7256
LDJ-BG2,0.8499,5.0000,6.5868
LDJ-BQ,1.4716,5.0000,9.1249
LDJ-CM,0.8798,5.0000,5.6740
LDJ-LV,0.9265,5.0000,5.3383
LFE-LP,0.9194,5.0000,5.8862
LFF-HS,1.0620,5.0000,7.4632
LFG-CB,1.3666,4.0000,8.1513
LFR-BG,1.3063,5.0000,6.1708
LFT-BC,2.1639,5.0000,13.9843
LFY-LB,1.3943,4.0000,9.1974
LFY-LF,1.5171,5.0000,9.9366
LGA-BS,1.4746,5.0000,9.8884
LGA-LP,1.0171,5.0000,5.1948
LGA-VR1,0.8455,5.0000,4.9097
LGA-VR2,0.9082,6.0000,5.1714
LGF-LM,1.4976,7.0000,11.1980
LGR-LB,1.0853,5.0000,7.2345
LGR-PL,3.6548,4.0000,18.2969
LHG-BG,1.3794,6.0000,9.2513
LIF-BB,0.7357,5.0000,4.4588
LIF-BG,0.8989,5.0000,5.1227
LIF-SG,1.6343,5.0000,10.7303
LLL-BH,0.8040,5.0000,4.8630
LLL-JG1,1.8821,2.0000,10.5147
LLL-JG2,2.5555,4.0000,11.4407
LME-LH,0.7171,5.0000,4.0561
LME-LP1,0.7873,5.0000,5.5701
LME-LP2,0.6788,5.0000,4.3016
LME-LP3,0.7320,5.0000,4.3758
LME-LP4,3.0052,4.0000,19.5869
LME-LP5,2.8808,4.0000,19.0587
LME-MG,0.6641,5.0000,4.6648
LMT-BG,0.9252,5.0000,4.2628
LMT-FL,1.1496,5.0000,5.3757
LMT-GL,1.3421,5.0000,8.0904
LMT-LC,1.2419,4.0000,7.3966
LMZ-GV,0.8494,5.0000,5.3073
LMZ-PR,0.8351,5.0000,4.6821
LNG-CT,0.8600,5.0000,5.0943
LNG-LB,0.7919,5.0000,4.6213
LNG-LC,0.6629,5.0000,4.0818
LNN-LC,2.1556,4.0000,13.8478
LNN-LP1,1.6949,5.0000,10.6619
LNN-LP2,1.9253,4.0000,11.8999
LNT-BG,1.0715,5.0000,7.9273
LNT-LC,0.7858,6.0000,5.5665
LNT-MJ,0.6889,5.0000,4.6300
LOC-AU1,0.8865,7.0000,6.4633
LOC-AU2,0.9782,7.0000,6.8826
LOS-LB,1.0821,5.0000,5.6535
LOS-RG,1.0055,5.0000,5.6708
LPT-BG,1.0151,6.0000,8.4405
LQI-LV1,1.8334,6.0000,12.1589
LQI-LV2,1.4504,5.0000,9.7691
LQI-VM,2.2710,4.0000,12.8453
LRH-LC,0.9516,5.0000,5.5077
LRH-LC1,1.1423,5.0000,6.8012
LRH-LC2,1.0700,5.0000,6.2450
LRH-LC3,0.9080,7.0000,5.1734
LRN-BRE1,0.9601,5.0000,5.4702
LRN-BRE2,1.0595,5.0000,6.4127
LRN-BRE3,1.1609,6.0000,7.0381
LRN-BRW1,1.3665,7.0000,6.8798
LRN-BRW2,1.1256,7.0000,7.2078
LRN-CAE1,1.5080,6.0000,8.2759
LRN-CAE2,1.7774,7.0000,9.6492
LRN-CAW1,1.1596,5.0000,6.3500
LRN-CAW2,0.9140,5.0000,6.3566
LRN-CG1,1.0159,5.0000,5.3079
LRN-CG2,1.0589,5.0000,4.7586
LRN-RD,0.8677,5.0000,5.9403
LRN-SU1,0.8796,5.0000,4.9583
LRN-SU2,1.1481,5.0000,5.0993
LRN-VG,1.2669,4.0000,5.3888
LRN-VH1,0.9123,5.0000,5.6098
LRN-VH2,0.8350,5.0000,4.7055
LRN-VH3,1.0324,6.0000,6.9585
LRO-LC1,1.2817,7.0000,11.1808
LRO-LC2,1.7445,4.0000,11.5632
LRS-VD,1.3471,3.0000,7.0290
LSG-LP,1.7303,6.0000,11.5975
LTI-BV,0.8829,5.0000,5.9719
LTR-VG,1.0266,5.0000,4.0145
LTY-PC,1.2779,5.0000,7.6868
LUI-LG,1.2889,5.0000,8.7517
LVB-LF,1.7087,5.0000,12.2706
LVB-LG,1.4512,5.0000,10.2309
LVC-LM,0.9375,5.0000,7.0115
LVG-LB,1.0706,5.0000,8.0300
LVI-LC,1.0898,5.0000,5.9210
LYT-CT,0.7830,5.0000,5.3621
LYT-KS1,1.6990,5.0000,11.1257
LYT-KS2,2.2162,4.0000,14.4857
MAB-LB,1.5858,4.0000,9.7862
MAB-LG,1.9543,4.0000,12.3406
MAB-LH,1.4063,5.0000,9.0156
MAB-LL,1.5854,4.0000,9.7815
MAE-KS,0.9903,6.0000,6.0826
MAO-LQ,1.1161,5.0000,6.6871
MAO-VR,1.6309,5.0000,10.5811
MAP-PB,1.1348,5.0000,7.2991
MAR-CP,1.7080,5.0000,11.3928
MAT-LM,1.5318,4.0000,7.7513
MAT-PS,2.3060,4.0000,9.0227
MAT-PS2,1.1554,5.0000,5.4925
MAU-BG1,1.1583,5.0000,7.4620
MAU-BG2,1.2173,5.0000,7.6015
MAU-PB,1.9143,5.0000,11.6203
MAU-SU,0.9506,5.0000,6.4117
MAU-VJ,2.1578,3.0000,12.0034
MAX-LB,0.9408,5.0000,7.2446
MAX-LT,0.8926,5.0000,6.2335
MDL-GV,1.2704,4.0000,9.0777
MDL-LM,1.9495,5.0000,11.5555
MDR-BG,0.9491,5.0000,5.8282
MDR-GF,2.7352,3.0000,14.2166
MDR-LE,1.1131,5.0000,7.8435
MDR-QR1,0.6813,5.0000,4.3395
MDR-QR2,1.3349,5.0000,7.6710
MDR-SV,1.3951,5.0000,8.5165
MEL-HF,1.6221,4.0000,8.1663
MEL-NR,4.2933,3.0000,20.3682
MEN-BO,0.8393,5.0000,4.2551
MEN-CO,1.1488,5.0000,5.8650
MEN-EF,1.0459,6.0000,6.7245
MEN-LB,0.9890,5.0000,5.5600
MER-LR,0.7989,5.0000,4.5153
MES-RG,0.9648,6.0000,6.5436
MFT-AB,0.7914,5.0000,5.8901
MFT-FT,1.1731,5.0000,7.4864
MFT-FT2,0.8249,5.0000,5.0514
MFT-FT3,0.9624,5.0000,5.7157
MFT-HC,0.9618,5.0000,7.0846
MFT-LA,1.0831,6.0000,6.8925
MLC-LH,1.1423,7.0000,6.3321
MLC-LM,1.7069,6.0000,10.4306
MLC-PM,1.1952,6.0000,6.7130
MLC-VA,2.0182,4.0000,11.2845
MLC-VE,2.2260,4.0000,12.8392
MLL-LG,1.0815,5.0000,5.5996
MMV-VG,1.1243,5.0000,5.6988
MOH-LG,0.7326,5.0000,4.4496
MOH-PJ,0.9077,5.0000,5.1678
MOH-TF,0.7620,5.0000,5.3199
MOR-MC,1.2857,6.0000,9.2430
MOR-PT,0.8099,6.0000,6.2596
MOR-VB,1.2043,7.0000,10.2637
MOU-BG,0.7823,5.0000,5.0762
MOX-GC,1.5416,7.0000,12.6034
MOZ-LL,1.9781,5.0000,13.2330
MRD-LG1,0.9854,5.0000,4.8644
MRD-LG2,0.9141,5.0000,4.4627
MRD-LG3,0.8593,5.0000,4.6511
MRD-LG4,0.8361,5.0000,4.3646
MRD-VC1,1.3812,4.0000,7.2662
MRD-VC2,3.0736,3.0000,17.4462
MRD-VC3,2.0049,3.0000,11.4632
MRD-VC4,1.1791,5.0000,4.6046
MRD-VC5,0.8851,5.0000,4.3299
MRN-LB,0.9713,5.0000,5.1205
MSB-CF,1.5742,5.0000,10.3547
MSB-EC,1.7962,5.0000,11.3261
MSB-MO,0.8211,5.0000,5.3723
MTB-BG,0.7457,5.0000,4.5822
MTB-CH,2.0820,2.0000,11.7535
MTB-LL,0.8976,5.0000,5.3972
MTB-LN,0.8272,5.0000,4.9095
MTB-LT,1.6469,5.0000,8.5940
MTB-MD1,1.6130,4.0000,9.2321
MTB-MD2,1.4812,4.0000,9.1458
MTB-MD3,0.9574,5.0000,5.3790
MTB-MD4,2.4656,4.0000,14.2426
MTB-MD5,1.4954,5.0000,8.6393
MTB-VL,2.4596,4.0000,10.8655
MTF-BG,1.1258,5.0000,6.7484
MTF-LB,1.1345,5.0000,7.0201
MTI-CM,3.3110,4.0000,16.5649
MTR-LQ,2.3392,2.0000,13.6317
MUL-CG,1.0846,5.0000,8.2159
MUL-LH,1.4355,6.0000,9.8676
MUL-LP,0.9163,5.0000,6.2330
MUL-PH,0.7789,5.0000,4.9592
MUL-VL,1.0126,5.0000,7.4715
NTY-KM,2.3777,4.0000,10.8087
NTY-KN,3.6329,2.0000,21.1517
NTY-PH,2.2632,3.0000,10.5544
NVT-BG,1.1216,5.0000,5.9467
NYL-LC,1.6605,5.0000,11.1581
NYV-CH,0.6598,5.0000,4.5723
NYV-LB,1.3686,5.0000,10.0254
ORG-AU,1.4830,4.0000,9.7464
ORG-MC,1.6551,6.0000,14.0840
OSS-QV,1.3126,5.0000,8.9103
PAC-BA,1.1839,7.0000,8.9417
PAC-BU,0.9060,5.0000,7.1462
PAC-BV,0.8619,7.0000,6.5862
PAC-LT,2.8214,4.0000,13.0034
PAC-PA,1.1059,5.0000,7.8546
PAN-LP,1.2865,5.0000,8.8714
PAP-BG,1.2056,5.0000,7.5821
PAP-ET,1.8408,7.0000,12.2889
PAP-FP,1.4754,5.0000,9.4350
PAP-PH1,1.4836,7.0000,9.3747
PAP-PH2,1.2465,5.0000,7.3559
PAP-PH3,1.5470,7.0000,10.6303
PAP-RB,1.0742,5.0000,7.0880
PAR-LD,1.7945,5.0000,11.0521
PBY-GV,1.0480,5.0000,5.6137
PCH-LJ,1.6799,7.0000,13.5905
PGL-LH,1.2394,7.0000,9.6758
PGN-LC,1.0061,5.0000,6.2464
PGN-PI,1.1750,6.0000,7.1354
PGR-CC,1.0954,5.0000,5.4838
PGR-LR,0.9760,5.0000,5.3604
PGU-BG,1.1777,6.0000,6.3214
PGU-KG,1.4521,5.0000,9.0671
PGU-KV,1.2384,6.0000,6.5958
PGV-KG2a,1.0255,5.0000,6.2866
PGV-KG2b,1.1569,7.0000,5.9898
PGV-KG3a,0.7098,5.0000,4.0700
PGV-KG3b,1.3703,4.0000,8.2517
PGV-KG3c,1.3690,4.0000,8.3355
PGV-KG3d,1.5188,5.0000,9.3204
PGV-PP1a,0.8403,5.0000,6.3326
PGV-PP1b,0.9817,6.0000,5.8518
PGV-PP1c,1.3286,6.0000,7.5634
PIN-TB,1.1104,7.0000,6.7212
PLA-KR,2.2002,4.0000,14.3206
PLB-HP,0.8227,5.0000,5.2458
PLB-LHG,2.0024,4.0000,10.9502
PLB-LHV,2.2833,4.0000,16.0558
PLB-LM1,1.8177,4.0000,15.2454
PLB-LM2,1.0229,5.0000,7.8085
PLB-VN1,1.8201,3.0000,10.0451
PLB-VN2,1.6073,5.0000,6.9002
PLC-BV,1.1687,6.0000,6.7707
PLC-FO,1.2750,6.0000,8.2832
PLC-FR,2.6007,7.0000,17.4751
PLC-LP,0.9183,6.0000,5.7220
PLD-KG,1.3146,5.0000,5.4115
PLE-LF,1.6658,5.0000,8.5307
PLF-CH,1.2538,4.0000,6.4388
PLF-MD,0.9358,5.0000,5.2693
PLG-LB,1.3251,5.0000,8.3667
PLG-LC,0.7693,5.0000,4.1963
PLG-LM,0.8808,5.0000,5.3640
PLG-QC,0.7808,5.0000,4.2412
PLG-QL1,0.7781,5.0000,4.6348
PLG-QL2,1.1300,5.0000,5.5491
PLH-KD1,2.7161,4.0000,14.6939
PLH-KD2,2.7132,4.0000,16.2459
PLH-TL,1.6959,6.0000,8.5776
PLI-CQ,1.1141,7.0000,6.8332
PLI-VC,1.5812,5.0000,7.3453
PLI-VH,0.9330,5.0000,4.7568
PLJ-JN,0.6139,5.0000,4.3255
PLJ-PB,1.5811,7.0000,8.1847
PLL-BG,1.0474,7.0000,7.2148
PLL-SQ,0.9043,6.0000,5.0163
PLM-LC,0.8080,5.0000,6.1100
PLM-LN,1.3044,4.0000,6.4810
PLM-LV1,0.8517,5.0000,6.7881
PLM-LV2,0.6159,5.0000,4.5525
PLN-LG,3.9296,4.0000,18.0417
PLN-LR,2.4119,4.0000,11.7836
PLN-LT,0.8686,5.0000,4.7719
PLN-LV,0.9679,7.0000,6.1455
PLN-PS,3.5970,2.0000,19.3931
PLO-LD,1.5609,7.0000,10.3140
PLP-BG,1.0855,6.0000,5.7703
PLR-LP,0.8974,5.0000,5.4796
PLS-LG,1.3854,5.0000,6.9494
PLS-LO,2.2190,4.0000,14.1787
PLS-LT1,1.0104,5.0000,5.4361
PLS-LT2,1.4829,5.0000,6.8058
PLS-PV,0.7671,5.0000,4.5317
PLT-BJ1,1.1520,7.0000,7.5676
PLT-BJ2,1.2289,6.0000,8.3182
PLT-BJ3,2.8405,5.0000,18.3227
PLT-TL1,1.0069,5.0000,5.5736
PLT-TL2,1.1375,7.0000,7.6044
PLT-VM1,0.9894,5.0000,6.2903
PLT-VM2,0.9196,5.0000,5.9600
PLT-VM3,0.9840,5.0000,5.8487
PLT-VM4,1.0643,7.0000,7.6402
PLU-LN,1.1610,7.0000,8.3813
PLU-VC,1.1856,6.0000,6.8144
PLX-BB,0.9462,5.0000,4.0743
PLX-NV,1.0606,5.0000,4.7078
PLY-BR,1.9602,5.0000,13.9071
PLY-KM,1.9793,6.0000,16.1583
PLY-PB1,1.1177,6.0000,8.3151
PLY-PB2,2.3545,6.0000,16.6938
PLY-QC1,1.4272,5.0000,10.2997
PLY-QC2,1.1069,5.0000,8.4954
PLY-SM,0.9808,5.0000,6.0767
PLZ-SQ,2.2034,5.0000,12.3456
PMG-MD,1.4900,5.0000,7.3285
PMQ-KN,1.0614,6.0000,6.4589
PMR-KD,1.3100,5.0000,6.0183
PMR-KG,2.1536,5.0000,13.5623
PMR-KL,2.0399,5.0000,12.7902
PMR-KM,1.4571,4.0000,8.6385
PMR-KV,2.5057,5.0000,14.4066
PMT-SA,1.3728,5.0000,8.7480
PNF-LC,3.0412,4.0000,13.0699
PNF-LM,3.1649,3.0000,14.8602
PNF-SP,2.8786,4.0000,16.5480
PNF-VA,2.2757,4.0000,9.0736
PNF-VM,0.9333,5.0000,6.4665
PNT-MO,1.0722,6.0000,5.7525
PRD-FA,1.0888,5.0000,5.4001
PSS-DS,1.4869,4.0000,9.4055
PSS-TE,1.1900,5.0000,7.6217
PSS-VB,3.7110,3.0000,17.3370
PTP-BE1,1.5153,6.0000,11.2575
PTP-BE2,1.2437,7.0000,8.3725
PTT-LB,1.0502,6.0000,6.3066
QBR-LG,1.1088,7.0000,7.6273
QBR-LG1,1.9213,6.0000,14.6102
QBR-LG2,1.0775,6.0000,7.0996
QBR-LH,0.9441,5.0000,5.3014
QBR-LP,1.2145,6.0000,7.7154
QBR-PV,1.0405,7.0000,5.6975
QBR-VH,1.0528,6.0000,6.4644
QDL-LF,0.8190,6.0000,4.9785
QDL-LH,0.8085,5.0000,5.1154
QDL-VF,0.8978,5.0000,5.9109
QDL-VG,0.8053,5.0000,5.4529
QLC-LR,1.5622,5.0000,9.0285
QPG-KG,1.4451,5.0000,8.3043
QPG-LG1,1.1432,5.0000,6.3122
QPG-LG2,1.3002,5.0000,7.1471
QRN-BV,1.0538,5.0000,4.6824
QSY-LP,1.1117,5.0000,7.4839
QTN-LR,0.9859,5.0000,6.2102
RAN-BN,1.1318,5.0000,7.3095
RAN-CP,0.8075,5.0000,5.1033
RAN-GG,1.8221,4.0000,11.4189
REN-CL,1.5283,3.0000,9.2271
REN-LV,2.9448,2.0000,17.1764
REN-RT,1.6347,5.0000,10.6272
REN-SL1,1.1583,5.0000,6.8258
REN-SL2,1.0510,5.0000,6.1648
REN-SL3,0.7526,5.0000,5.5804
REN-SL4,0.9955,6.0000,7.3128
REN-SU,0.9127,7.0000,6.6914
RET-BT,2.4966,4.0000,14.5762
RET-LB,1.3387,7.0000,9.0468
RET-LR,1.2922,4.0000,9.0793
RHN-CP,1.1092,6.0000,7.0652
RIM-LA,1.3533,7.0000,9.5255
RIM-LP,1.1404,6.0000,6.8682
ROL-VH,1.2489,6.0000,7.8881
ROM-PP,1.5423,4.0000,8.2398
ROM-PR,0.8024,5.0000,5.2214
ROM-PY,0.7785,5.0000,5.1514
ROM-PY2,1.0835,5.0000,7.3271
ROU-GB,0.6516,5.0000,4.3575
ROU-KM1,2.0247,4.0000,12.7040
ROU-KM2,3.3663,4.0000,22.0815
ROU-LP,0.8504,5.0000,4.5829
RST-KM1,2.8296,4.0000,16.4376
RST-KM2,1.1329,7.0000,6.9893
RST-KM3,1.1352,7.0000,7.9046
RST-KP1,2.8807,4.0000,18.4829
RST-KP2,2.7669,5.0000,17.7062
RST-KP3,2.3294,4.0000,14.7358
RST-KP4,1.7582,4.0000,11.6095
SAA-LF,1.1382,5.0000,8.9508
SAC-BP,1.9424,7.0000,11.2310
SAC-LG,1.1318,6.0000,8.7749
SAE-LB,1.1311,6.0000,7.4879
SAE-LD,1.0180,7.0000,7.3724
SAE-LH,1.4019,5.0000,9.8853
SAE-LH2,2.9527,5.0000,16.4260
SAE-LH3,2.2887,4.0000,12.1607
SAE-LH4,3.6824,2.0000,20.4845
SAE-VV,0.8129,6.0000,4.5634
SAL-LT,0.9129,5.0000,6.3555
SAL-PH,1.0469,7.0000,7.9319
SAP-BG,1.0917,6.0000,7.0358
SAR-LT,0.8713,5.0000,6.4385
SBI-LP,0.8460,5.0000,3.9665
SCD-BG,1.0101,5.0000,6.2543
SCD-KD,1.6385,5.0000,9.9789
SCL-KM,2.7372,5.0000,15.4503
SCO-LP,1.6259,7.0000,11.4082
SCT-LM,1.3562,6.0000,6.7400
SDD-BB,0.7569,5.0000,5.4195
SDN-LB,1.0930,5.0000,7.1698
SDN-LT,1.0858,4.0000,5.9831
SEB-BG,0.9176,7.0000,6.6252
SEC-LC,1.7350,7.0000,8.7829
SEV-CQ,1.6295,4.0000,12.7266
SEV-HN1,0.8419,5.0000,5.9341
SEV-HN2,0.8794,5.0000,6.0145
SEV-LP,4.9394,3.0000,21.8879
SEV-PG,5.6287,2.0000,30.6416
SEV-VB,1.0536,5.0000,7.5314
SEV-VI,0.9435,5.0000,5.9477
SGB-BG,0.9243,5.0000,5.4927
SGB-GC,1.5443,5.0000,7.6296
SGD-LF,0.7839,5.0000,4.3539
SGR-CD,0.7724,5.0000,4.0634
SGR-LB,1.2276,5.0000,8.2458
SGR-LH1,0.7158,5.0000,5.3618
SGR-LH2,0.6378,5.0000,4.2108
SGR-LH3,0.9408,5.0000,5.1131
SGR-LH4,0.6611,5.0000,4.7494
SJC-LT,1.0094,5.0000,5.2698
SJI-KG,0.9261,5.0000,6.7106
SJI-LF,0.8794,5.0000,6.3809
SJV-BG,1.5919,4.0000,12.0785
SJV-BG2,1.4911,5.0000,9.0517
SJV-BN,0.8854,5.0000,4.7981
SJV-LH,1.4358,4.0000,6.9807
SLA-CR,0.8047,5.0000,5.7138
SLG-BG,1.4563,5.0000,9.7875
SLR-BG,1.4508,6.0000,10.8855
SMA-LT,1.8758,4.0000,10.6488
SMB-BG,1.0568,7.0000,7.0127
SMC-LA,1.2323,5.0000,6.9310
SMD-CA,4.5213,2.0000,26.7464
SMD-MT,1.1177,7.0000,7.5530
SMG-LY,0.6822,5.0000,3.8895
SMH-LM,0.7533,5.0000,4.9986
SML-HR,0.8697,5.0000,4.5146
SMM-BG,1.3571,7.0000,8.3531
SMM-CB,1.1378,5.0000,6.6038
SMM-LB,1.3628,7.0000,10.7651
SMM-LF,0.8858,5.0000,6.1278
SMM-LP,1.7484,6.0000,13.0485
SMM-VM,1.2941,7.0000,10.4522
SMN-PC,0.9293,5.0000,6.8700
SMP-LD,1.2492,5.0000,6.5999
SMP-PG,1.1634,5.0000,6.2377
SMR-LB,0.9514,5.0000,7.0152
SMZ-BG,0.9592,6.0000,6.6931
SON-TR,2.6163,7.0000,16.8496
SON-TR2,1.1047,5.0000,6.0440
SON-VJ1,3.1397,4.0000,13.4201
SON-VJ1b,3.2927,4.0000,12.7161
SON-VJ2,2.5133,2.0000,15.1170
SON-VJ3,2.8021,3.0000,17.5640
SON-VJ4,5.6625,2.0000,35.3770
SON-VJ5,3.4177,4.0000,16.5934
SON-VJ6,2.3447,4.0000,11.5380
SOU-LD,1.0004,7.0000,5.5897
SPE-BG,1.2652,5.0000,8.5087
SPG-PJ,1.2906,5.0000,7.7355
SPG-RA,0.9472,7.0000,6.4670
SPG-VL,1.1143,7.0000,7.6276
SPN-BM,0.7019,5.0000,4.1812
SPN-BM1,0.7210,5.0000,4.1608
SPN-BM2,3.2400,1.0000,21.4770
SPN-BM3,0.9536,5.0000,5.6365
SPN-ED,1.1627,5.0000,8.0919
SPN-LP,1.0700,5.0000,8.4504
SPN-VR1,1.2196,5.0000,6.5520
SPN-VR2,2.5091,4.0000,10.5859
SPN-VR3,1.2569,7.0000,9.2369
SPN-VR4,2.0828,7.0000,17.8382
SPN-VR5,0.8319,6.0000,6.3214
SPO-VE,0.9309,5.0000,5.0957
SQP-VR,1.2069,7.0000,8.8849
SRL-PL,1.6146,5.0000,10.6602
SRP-BG,0.7741,5.0000,6.4385
SRV-BC,1.3043,5.0000,8.6954
SSB-LL1,2.1752,7.0000,17.5749
SSB-LL2,1.5671,7.0000,13.8274
SSG-LF,1.4638,4.0000,8.4150
SSN-BH,1.2788,5.0000,8.6178
SSP-LF,1.3779,4.0000,9.2906
SSY-RO,1.1054,5.0000,5.6439
STG-BG,0.6498,5.0000,4.7336
STG-LA,0.7162,5.0000,4.7925
STG-LP1,0.6752,5.0000,4.7992
STG-LP2,0.7883,5.0000,5.3482
STG-MN,0.6332,5.0000,4.4458
STH-CS1,1.0635,5.0000,8.1037
STH-CS2,3.0110,4.0000,14.2422
STJ-TM,0.8873,6.0000,4.9172
STR-BA,0.9634,5.0000,5.9729
STU-VB,1.2779,5.0000,9.0369
SVR-HG,0.9253,5.0000,4.9778
SVR-PJ,0.9808,5.0000,5.4607
SXA-LC,1.0352,5.0000,6.8345
TAU-KB,2.0348,2.0000,11.7613
TGM-LB,0.9984,7.0000,7.2477
TGM-LV,1.1543,5.0000,7.4162
TGR-LL,0.9879,5.0000,5.1226
THR-BN,1.3586,5.0000,9.9525
TIN-BG1,1.2633,5.0000,8.4197
TIN-BG2,1.1008,5.0000,5.8198
TIN-MJ,0.8485,5.0000,4.9642
TLF-GM,2.0615,6.0000,9.6592
TLF-MY,0.9635,6.0000,5.3252
TLS-LG,1.9219,4.0000,9.3838
TLS-LM,1.1628,5.0000,8.1828
TLS-RD1,0.9105,5.0000,6.2452
TLS-RD2,0.8897,5.0000,5.0116
TLS-RD3,1.1920,7.0000,7.6526
TLS-RD4,0.6008,5.0000,5.5932
TLS-RD5,2.8433,6.0000,17.5222
TMH-LG,0.9999,7.0000,5.8683
TRC-KD,1.0551,7.0000,6.8470
TRD-MB,1.9771,4.0000,11.1224
TRE-LF,3.6450,2.0000,21.4601
TRF-LC,0.8561,7.0000,5.2271
TRF-LP,3.8610,5.0000,28.2172
TRF-LP2,1.1170,5.0000,7.9209
TRL-LP,1.0788,5.0000,4.4650
TRM-LG,0.8411,5.0000,4.7876
TRN-BG,1.2071,5.0000,5.3048
TRN-LP,0.8896,5.0000,4.6153
TRN-MM,1.0952,5.0000,5.9385
TRR-BM,0.6827,5.0000,4.5916
TRV-KC,1.2715,7.0000,6.4453
TRV-LF,1.0652,7.0000,6.5241
TVR-LP,1.6780,5.0000,11.0746
TVR-LS,2.2181,4.0000,12.9186
VAY-LA,0.9605,7.0000,7.3057
VDL-PM,1.3005,4.0000,8.0389
VIG-BG,1.1183,5.0000,5.7157
VIZ-HL,6.8311,4.0000,33.7365
VIZ-VO,1.0526,5.0000,8.2886
VZC-LL,3.8482,4.0000,17.6731
VZS-LL,1.3914,5.0000,7.6335
YFN-LV,1.4646,5.0000,9.2596
YFN-VH,0.8506,5.0000,4.9606
YVG-CC,1.5669,6.0000,9.7024
YVG-LY,1.6629,4.0000,9.4415
YVG-QB,1.0292,5.0000,6.7702
